1,スチャダラパーの傑作『5th wheel 2 the Coach』は純日本ヒップホップが辿り着いたひとつの高み
1,VAMPS、ニューシングル「CALLING」のリリックビデオフルバージョンを解禁
1,トム・ハーディ主演の歴史ドラマ『TABOO』、2種類の特別予告編が到着！
1,観月ありさ 26年連続30作目の連ドラ主演でドS標本士「心込めて演じたい」
1,上戸彩、すっぴん&パジャマで閉め出される 愛娘の行動に仰天
1,『三代目 J Soul Brothers 山下健二郎のオールナイトニッポン』の人気コーナーが書籍化
1,VAMPS、ニューシングル「CALLING」リリックビデオフルバージョン本日公開
1,三代目JSB 山下健二郎、知られざる素顔に迫ったANN人気コーナーが書籍化
1,VAMPS、「CALLING」リリックビデオFull Ver.公開
1,新作劇場版アニメーション「K SEVEN STORIES」公開決定！さらに舞台化も発表!!
1,えっ、渡瀬恒彦さん「9係」に出演するの？
1,『攻殻機動隊』新作アニメ制作決定！ 『マクロスF』歌姫シェリルの新曲は4月26日配信!!【ざっくりアニメニュース】
1,三浦春馬、恋人・菅原小春がインスタ炎上！ 「あの女のせいでイメージ台無し」とファン悲鳴
1,ジェットスター航空、大阪/関西〜ケアンズ線で臨時便 6月10日と14日に
1,ドウェイン・ジョンソンが、ディズニー・ワールドのジャングルクルーズにサプライズ登場！
1,宝塚歌劇団103期生 笑顔を絶やさず恒例のラインダンス
1,松本隆&つんく♂が初タッグ！クミコ with 風街レビュー「砂時計」のMVが公開
1,千鳥・大悟が不倫疑惑釈明も「好きなんはダンサーじゃのうて金髪」
1,高梨臨、2018年大河ドラマ『西郷どん』出演決定「夢の舞台に立てるのが光栄」
1,秒速で笑えるマンガ『カツアゲ2』ヘアドロップ|アーノルズはせがわ
2,西武浅村が適時打「得点圏だったので積極的に」
2,バルサ撃破 アウベス古巣語る
2,ディバラ「メッシになりたいとは思わない」 バルサ相手に2得点の活躍
2,バルサ監督「喪中の状態」と白旗宣言 ユベントスに3点差完敗
2,キャンベル、実戦復帰 いきなり安打も「最初は130キロ台が150キロに見えた」
2,ロッテ 先着2万人にTシャツ配布 大地「一緒に盛り上げましょう」
2,11日のメジャーリーグ 日本人選手の出場なし 青木は2戦連続で出番なし
2,東洋大・村上、初戦でデビュー=東都大学野球
2,民進幹事長「旧党名に愛着」
2,日本ハム 村田が13日ソフトバンク戦で移籍後初先発へ「普通にやるだけ」
2,リヴァプール、DFモレノを今夏売却へ...インテルとミランが興味を示す
2,ランパード氏がアザールの成長ぶりに太鼓判「さらに成熟した」
2,【プロ野球】おかえりムネリン！ 海の向こうでの5年間、メジャー&マイナーの成績をまとめて紹介
2,アトレティコ、年俸増額でエース流出を阻止。マンUやレアルなどが興味
2,松坂大輔、11年ぶり1軍先発 「怪物復活」「客寄せパンダ」と意見二分
2,生きざま映す引き際=浅田、挑んで完全燃焼-フィギュア
2,伊藤みどりさん「誇りに思う」=引退の浅田たたえる
2,「さようなら、浅田」=活躍称賛、金妍児は沈黙-韓国報道
2,楽天は一回にベゲーロの先制2ラン「しっかり仕留めることができた」
2,村田透-バンデンハーク／13日セパ予告先発
3,貫禄がありすぎる 大きな岩をソファにしてくつろぐフサフサの熊さん
3,海外で『ペルソナ5』「戦闘メニューコラージュ」が流行の兆し
3,ぜんぜん豆苗が生えてこないなぁ... →衝撃の事実が！
3,高所恐怖症激注意！地上152mにあるガラス底のプールがマジ怖ぇえええ！(アメリカ)
3,猫は見ていた！飼い主の留守中に羽目を外してしまったワンコ
3,気になる先住リスに姫的なアプローチ 甘えん坊のメス猫「うなぎ」
3,【衝撃】決定的瞬間！ネコとは思えない珍行動に爆笑すること間違いなし(30秒)
3,飼い猫がネズミや鳥を捕まえてきても叱ってはいけない
3,【歩くだけで...♡】子ポメラニアンの歩行が、はちゃめちゃな可愛さだった(; ・`д・ ́)
3,【変形マネキンチャレンジ】 ある男性が「蝋人形館で人形の振りをした」らこうなった！ 来館者に写真を撮られまくることに!!
3,ツイッターでFIGHT！ 学べて楽しい、動物たちが繰り広げるトーナメントバトル
3,犬のしつけに失敗する！？飼い主がやりがちな5つの間違った行為
3,身近なペット達がモチーフのテープのり「ドットライナーペット」発売
3,空を飛んでいる気持ちで泳げる、地上152メートルのガラス製プール「マーケットスクエアタワー・インフィニティ・プール」
3,ミニチュア牛、犬と親友になった結果犬化が進む。牛である事実をすっかり失念。「自分犬やし？」
3,使用したブロックの数は14万6400個...街を彩る1700本の「LEGOの水仙」が圧巻
3,『SATC』オープニングに別バージョン。キャリーが着た98年の「Itドレス」とは
3,子柴犬と365日一緒にいられる喜び♡ 新しい家族にいろんな表情を見せてくれました(* ́艸`*)！
3,【不審すぎる...笑】ロバート秋山が家出少女を救うFPO法人キヨちゃん先生に
3,脱毛症の7歳少女「奇抜なヘアスタイルで登校する日」に披露した髪型が美しい
4,“拳銃”突きつけ...陸自隊員6000万円小切手を奪う
4,バイエル薬品 無断で200人カルテ閲覧 書き写しも
4,ガソリン価格2週連続横ばい 来週は小幅値上がりか
4,総理が小池知事批判 首都決戦で自公に“すきま風”
4,【NEWSの深層】福島原発事故7年目の課題
4,佐々木ベジ氏、ソレキア株式へのTOB価格を4500円から5300円に引き上げ
4,AIが企業と顧客の接点に アクセンチュア最新調査
4,日産米国販売3.2%増、SUVは29%増 3月
4,JR東日本、房総「自転車の旅」専用車両を導入へ
4,重厚感ある硬めのタッチと落ち着きはらった矢のような直進性が魅力のマツダ『ロードスターRF』
4,バンナム、初のカジノゲーム開発 「パックマン」スロットを海外展開
4,「浅草ビューホテル」で12人食中毒 ローストビーフが原因
4,だまし取ったカードで84万円を引き出した茶髪ギャル 警察が写真公開
4,熊本・益城町で建物火災との通報
4,1歳男児暴行の父「ぐずったので床に叩きつけた」
4,遊具に首挟まれる、3歳女児 一時心肺停止
4,詐欺被害者のカードで現金引き出し、女の映像公開
4,工業団地で倉庫から出火 大量の黒煙、福岡・宮若市
4,【全国の天気】縦長列島 桜満開に吹雪に...
4,愛が結んだシャンパーニュが日本上陸！
5,仮設トイレを住宅にリメイク
5,独警察、過激派との関連捜査=サッカーチームのバス爆発事件
5,韓国国会でセウォル号犠牲者しのぶ展示作品が壊される=「情けない」「理性というものがないようだ」―韓国ネット
5,犬と猫の食用禁止に、罰金最高90万円 台湾
5,「火に油はやめて」中国、北問題で米軍をけん制
5,朴前大統領、17日の起訴有力=拘置所で詰めの調べ-韓国検察
5,「アメリカによる北朝鮮の空爆説」 韓国の報道は？
5,「4月に米国が北朝鮮攻撃」 韓国政府が否定する「危機説」は「デマ」なのか
5,【北朝鮮情勢】公明・石田祝稔政調会長、米軍北攻撃の事前協議「日本に相談あってしかるべき」
5,＜北朝鮮問題＞カート・キャンベル元米国務次官補「トランプ氏は対中威圧に成功」―米メディア
5,「日本行き旅行」で詐欺か=600人飛行機に乗れず-タイ
5,ドルト被害の爆発事件、イスラム過激派組織が関与か。「アッラーの名のもとに」との手紙発見
5,【北朝鮮情勢】「知らなかった」というネットユーザーも!? 米空母派遣のニュースが届いていない問題
5,日本で中国人の偽僧侶が捕まる=中国ネットは「外国に行ってまで恥をさらさないでほしい」と嘆き
5,祝祭ムードの平壌=金日成主席生誕で行事準備-北朝鮮
5,＜コラム＞お菓子のパッケージから見える、北朝鮮と中国の深いつながり
5,偽のがん治療薬を販売か、スペインの大学教授ら7000万円荒稼ぎ
5,日本との差を直視してみたら「喜んでなどいられなかった」=中国報道
5,「世界一貧しい大統領」ホセ・ムヒカ元大統領の置き土産!? ウルグアイで7月から薬局で大麻販売開始
5,ユナイテッド航空にネチズン怒り収まらず！ 「中国国民は最後まで抗議すべき」
6,薄着になる前に引き締めたい！ 脚やせに効果的なヨガのポーズ【静加YOGA】
6,飲みすぎ、食べすぎた時に有効な1分トレーニング「マウンテンクライマー」
6,どっちがオシャレ！？紗栄子と浜崎あゆみの「エルメスバッグ」がSNSで大カブリ
6,愛用しているプチプラコスメブランド1位は?
6,"小池栄子が描く「母」、心理学者が語る「母としての物語」 - ""母になる""ことvol.5"
6,フラれてからが勝負！「好きじゃない...」を論破して付き合う方法
6,2位生まれたときから...女が選ぶ「人生やり直すならいつがいい？」1位は
6,大人敏感肌をケアする「ノブ」の「L&Wシリーズ」にクレンジングオイルジェルなど2品
6,「損切りすれば良かった」への処方箋 10%ルールを淡々と
6,H.P.DECOでNYブルックリン発CORAL&TUSKデザイナーの来日ウェルカムパーティー！
6,12星座【言いたいことが言えない】ランキング 牡牛座は自分が我慢していればいいと思う
6,理系男子の特徴って？ 恋愛傾向と落とし方
6,好きな人の態度が冷たい！ 気になる男性心理と正しいアプローチ法
6,「告白の場所」はどこがいい？ 男女別・うれしかった場所&ガッカリした場所
6,「あそこにだけは...！」JALの激務部署が残業ほぼゼロに生まれ変わるまで
6,こなれ&おしゃれ見え！大人女子の花柄アイテム攻略法
6,「紙博」開催！ 手紙社による世界から多彩な紙が集まる2日間
6,深夜のジーンズメイトへ。アラフォーに刺さるアイテムはあるのか？
6,ほろ酔いエッセイ「道ならぬ恋」ラズウェル細木
6,2位生まれたときから...女が選ぶ「人生やり直すならいつがいい？」1位は
7,NASA、「地球外の海」に関する重大発表を告知 4月14日3時に会見の様子をライブ中継
7,トヨタ、下肢麻痺患者向けリハビリ支援ロボットをレンタル開始へ...2017年秋より
7,北大が開発中のフレキシブルさと強度を併せもつ未来の新素材！鋼鉄の5倍丈夫なファイバーハイドロゲル
7,Googleがフェイクニュースの拡散を防ぐため、ファクトチェック機能を検索にも導入
7,Galaxy S8、AI音声アシスタント Bixby Voice が発売日に間に合わず。米国提供は「晩春より」
7,「D500と同等の高画質」で軽量ボディ。ニコンD7500発表、画像エンジンEXPEED 5搭載で4K動画や連写を強化
7,どんな頭・首のカーブにもフィット。音に包まれて眠れる「奏でる枕」
7,澄み切った空気が快眠へと導く！ 全方位360度に対応する空気清浄機 CREA 2017年5月号
7,ランニングを継続させる要素を備えたアプリ
7,カシオ、アウトドア向けリストデバイス「PRO TREK Smart」の詳細仕様を公開
7,EmacsやRubyも大型アップデートWindows 10 Creators Updateで加わったWSL新機能
7,テントなのに2分で設営&合体する!?さいころ型の『Qube Tent』は使い勝手が良さそう
7,ミント缶に隠された携帯ゲーム機！ 手作り感が楽しい『mintyPi 2.0』
7,ネクストエンジンのEC自動化製品とHameeのクラウド物流サービスが連携
7,2020年の小学校プログラミング必修化、家庭での認知度は？
7,ソーシャルメディアのリスク解析でMicrosoft AzureのAI技術を採用
7,カシオ「EXILIM」、人物撮影を重視した「EX-ZR3200」の発売を延期
7,Flash Playerの月例アップデートが公開、脆弱性7件に対処
7,パイオニアブランドのネットワークコンポーネントがe-onkyoダウンローダーに対応
7,ビデオへのコンプレックスは、すぐに捨てた方が良い
8,溝端淳平のハンパない“スタバ愛”
8,ワイングラスで乾杯！大人女子のための日本酒入門
8,お花見、キャンプにも使える！芸能人のお気に入りおつまみ
8,《働くお疲れ女子の癒しの場！アマン東京へ行け！》ザ・カフェbyアマンでゆったりティータイムの提案！！
8,パリのお菓子を作って贈る♪可愛いラッピングペーパー付きレシピ本
8,資生堂パーラーに柑橘たっぷりの「春の国産フルーツパフェ」--“越後姫”のストロベリーパフェも！
8,2017スタバサマー新作！『アメリカン チェリー パイ フラペチーノ』は超斬新！
8,横浜発☆オシャレなパウンドケーキ専門店「パブロフ」が東京に初進出！GINZA SIXにオープン
8,新感覚の時間制カフェ「60 minuites cafe」をルポ！
8,【材料1つで満足一品】「玉ねぎの煮びたし」が味しみしみでおいしすぎるー★
8,シルバニアの世界を表現！コラボスイーツが自由が丘に登場
8,日本一難しい!?ハウステンボスでたまご入れに挑戦しよう
8,箱根湯本でのオススメ♡♡
8,ファミマ「ソイスタイル クリーミー豆乳タルト」ほか：新発売のコンビニスイーツ
8,スターバックスより、超アメリカンな味わいのフラペチーノ®が新登場！
8,刺激的な“真っ赤なスープ”「名古屋台湾ラーメン」がカップめんで食べられる
8,人気が止まらない！「萌え断」サンドイッチカタログ
8,牛丼が絶品の老舗店に隠された逸品 / なんどき屋「豚バラ生姜焼き定食」に癒やされる
8,銀座に「目隠しレストラン」オープン 感覚研ぎ澄ませ「肉」を味わう
8,苺たっぷりの「季節のフルーツパフェ」がめっちゃおいしそう！「芳川屋」のオーナーに詳しい話を聞いてみた
