1,「ひよっこ」第8話は20・4% 自己最高&2度目の大台超え
1,真矢ミキもユナイテッドで...「すごく悔しい思い」を振り返る
1,乃木坂46高山一実「本当もう命がけ」グループが目指す先とは？
1,乃木坂46高山の「ローグ・ワン入門」完成
1,Bentham、新しい生活の門出を祝う曲「ファンファーレ」のMV公開! バンド史上初!全編アニメーションの思わず涙する作品に。
1,乃木坂46高山一実、『ローグ・ワン』入門の特別動画完成！ 剣道を披露する姿も？
1,川口春奈がインスタ開設も「ネタは大丈夫か？」の声が続出
1,27歳でナルシストはきつい！？元モー娘・道重さゆみに求められる新キャラは？
1,川越シェフの休業ニュースで思い出された、“美人料理研究家”園山真希絵の現在
1,綾部祐二のラスト出演がなぜかベッキー復帰への花道になっていた！？
1,浜崎あゆみがデビュー19周年をお祝い、グラドル時代はなかったことにしたい！？
1,SKE48須田亜香里 実家でのエプロン姿が「新婚さんみたい」
1,「Roger Vivier」の庭園が松屋銀座に!?︎
1,「ひよっこ」三男役・泉澤祐希「僕は時子とくっ付きたい！」
1,乃木坂46 高山一実が『ローグ・ワン』の魅力を学ぶ！特別映像公開【動画】
1,大塚愛が同情票狙う？利害一致で不倫夫SUと”離婚カウントダウン”
1,プロレスラー、オカダ・カズチカ「グレートウォール」怪物の撃退法を動画でレクチャー！
1,ヴェネツィア映画祭で2冠、インド発の法廷映画「裁き」予告編
1,[Alexandros]のクレジットカード誕生。カードフェイスにメンバー撮り下ろし写真
1,「劇場版 FAIRY TAIL」入場者プレゼントが決定 第一弾は真島ヒロ執筆の原案ネーム小冊子
2,バルサに悪夢再び=サッカー欧州CL
2,再びCL敗退危機...ユーヴェに完敗のバルサ指揮官「悪夢を繰り返した」
2,ドルトチームバスに3度襲撃
2,【追球】ハム勝てない焦り？三走・岡勇み足けん制死
2,DFバルトラ負傷 シュメルツァー主将「ショック」
2,ネイマール、”クラシコ”欠場確定。審判侮辱で3試合の出場停止処分
2,「すまない、イチロー」 35歳以上トップ10選出の米サイトが異例の“謝罪”!?
2,今かくある自分が幸福であると信ずることのできる人間――浅田真央さん、お疲れさま
2,母が語った“山の神”の早すぎる引退
2,「レスターを過小評価しすぎ」F・トーレス、相手に敬意...粘り強さに警戒
2,指笛は鳴らなくても、沖縄の夢を背負って――WBC世界フライ級タイトルマッチ
2,元パドレス大塚晶文氏の長男は有望選手!? 米紙が特集「とても才能豊か」
2,バス爆破事件の唯一の被害者は重傷だった... ドルトDFバルトラが右腕骨折で緊急手術
2,【吉村禎章 視点】切れ味増した広島打線 実った下半身強化
2,レアル 最も“幸運”なクラブ
2,楽天の快進撃は春の珍事か？
2,キャンベル仕切り直し 12日「5番・三塁」で実戦復帰
2,福留、4番の俺が打つ  復調へ打撃フォーム修正
2,青木、イチロー先発外れる=米大リーグ
2,サッカー欧州チャンピオンズリーグ(11日、イタリア・トリノ)
3,脱毛症の7歳少女「奇抜なヘアスタイルで登校する日」に披露した髪型が美しい
3,飼い主さんのナデナデが気持ちよすぎて...『むみゅむみゅー♡』小鳥の “喜びの声” が、可愛すぎた！
3,仲間はずれ寂しくて特訓した！？ コツメカワウソの「げんた」、ロープにぶら下がってぐるんぐるん
3,長崎の大雨で、川に落ちてずぶ濡れの猫が消防隊員に救助される
3,「配達日時はお決まりですかにゃ？」 ヤマト運輸LINE、ネコ語でお知らせ
3,猫たち「何時間かけて匂いこすりつけたと思ってんだ!!」飼い主がシャワーを浴びるたび猛抗議するシャム猫たちがウザかわいい
3,ビンを落とそうとする猫、それをじっと見る飼い主。無言の攻防が今始まった......！(9秒)
3,ドラム缶を頭に被ったクマさんを発見。ハンターたちが救出する一部始終
3,誰よりも毛糸のカツラが似合う猫
3,九死に一生。高所から落下するアトラクションで、逆さま宙吊りになってしまった恐ろしすぎるアクシデント
3,あらかわいい キュート&セクシーな猫さんに変身できるルームドレスが誕生ニャ
3,電線で感電して羽が焦げてしまったオウム、羽の移植手術を受ける
3,何人たりともこの足にはかなわない。猫の前足ちょこんがかわいすぎた
3,バーニーズの子犬たちを撮影していたら ... → 『何してるの？』気づいた瞬間、押し寄せてきたーッ！！
3,ふわふわ上等！ リーゼントヘアーになったウサギがかわいすぎてキュン死
3,砂漠で一晩過ごすユニークなシェルターを、リアルに製作したプロジェクト
3,「けものフレンズ」のフレンズたちが駒になった「フレンズしょうぎ」
3,【今日のわんこ】仲良くしよう♡ サクラちゃんはお友達と鼻キッス!?
3,モフくて丸くてデカイ わたあめボディーの猫ちゃんが世界で話題
3,子柴と遊んであげるハスキー♪ 上手に手加減してあげる優しい姿に、思わずニヤニヤ...♡
4,去年12月の東京・昭島市での銀行強盗、強盗容疑で自衛官逮捕
4,フォード、ハイブリッド「追跡用」パトカーを発表 燃費と機能を大幅に向上
4,雨の日の桜と嵐山風景。
4,ようやく花咲く春到来の札幌
4,【東京都議選】都民、「一騎当千」意気揚々 自民、VS小池氏募る危機感 民進、相次ぐ離党ダメージ
4,東京株、続落して始まる 日経平均寄り付き155円安の1万8592円、円高が重荷
4,日本企業連合の共同出資案 経産相・財界は否定的
4,"NYの視点： 米2月JOLT,依然強い労働市場を示唆"
4,三井智映子と学ぶ「資産運用のABC」~あなたは“お金のデザイン”ができていますか？~押さえておきたい経済指標(GDP)
4,歩ける「日本一」のサクラ回廊=さいたま市〔地域〕
4,米ユナイテッド航空CEO、乗客を引きずり下ろした問題で謝罪
4,リコー、「個人向けカメラ撤退を検討」報道を否定 「事実ではない」
4,音喜多氏が提起した「土壌Xデー」は一体何だったのか
4,龍馬を思う「伏見濠川の桜」。
4,企業年金制度は転換期を迎えている？ 「確定拠出年金」が会社員に必要な理由
4,熊本地震、「Yahoo!ネット募金」等での寄付は7億7千万円に。今も城や鉄道への寄付を受付中
4,東芝の半導体事業、高値売却に壁
4,イオン、今月から254品目を10%程度値下げ
4,大西洋氏、三越伊勢丹を完全退任へ
4,円上昇、109円台=5カ月ぶり-東京市場
5,シリアの化学兵器使用「疑いない」=IS掃討優先は維持-米国防長官
5,米航空、改めて謝罪=乗客引きずり出し
5,韓国の観光競争力、過去2年で大幅アップも日本に遠く及ばず=韓国ネット「さすがに日本は強い」「韓国より安全な国はないのに」
5,負けたくない！ 新幹線には世界最高の安全性があるが・・・中国高速鉄道にも強みはある=中国報道
5,米最高裁、グレンデール市に設置された「慰安婦像」は合法と認定！
5,北朝鮮について真偽その2 日本は北朝鮮の敵国？ 訪朝すると携帯電話やカメラは没収？
5,北朝鮮のミサイル攻撃を受けたときの想定はできているか？【評論家・江崎道朗】
5,“爆買い”はどこへ？中国人消費者がどんどん「ケチ」に―独メディア
5,シリア問題の解決へ G7「ロシアに誠実な対応を」
5,受難続くロッテ、ゲーテに救い求める？
5,トランプ氏、北朝鮮へ新たな警告 中国に行動促す
5,シリアの化学兵器はヒトラーより残虐=米大統領報道官
5,ロシア、シリアの化学兵器使用を隠ぺいか
5,【北朝鮮情勢】対北朝鮮緊迫 制裁不履行 「不作為」国際的批判も 煩雑作業、運用追いつかず
5,こんなところにも...中国人が感じる、日本人の忍耐精神―中国メディア
5,非情な強盗 生後7か月の仔犬を浴槽で溺死させる(英)
5,中国高速鉄道は「孫子の兵法」で輸出を推進せよ=中国報道
5,「ロシアが隠蔽」と非難=シリア毒ガス攻撃で米高官
5,シリア爆撃前に“戦争銘柄株”が急上昇！ トランプの決断はロスチャイルド家への“忖度”か！ 第三次世界大戦は――？
5,「シベリアの真珠」バイカル湖、中国人観光客の大挙襲来でごみの山―ロシア
6,【悲報】サークルK・サンクス来年8月までに「消滅！」ネットで「寂しい」の声
6,ぬいぐるみを1年で1万5000個もゲットした『UFOキャッチャーの達人』がマシーン攻略のための “3つのポイント” を公開！「ツメの締まり具合」など
6,こうやって夫婦で乗り切る！子どもに「ワガママ」を言われたら...？
6,【今日のコーデ／土屋巴瑞季】女性らしいベージュのワントーン、旬のディテールで一歩先へ！
6,他の人と差をつけたくない？大人女子ネイルをしたい方は、こちらがおすすめ(412あみ)
6,個人型確定拠出年金“iDeCo(イデコ)”のメリットとは
6,セーラー服に着物テイストをプラス かわいさ2乗の「セーラーきもの」 ヴィレヴァン通販に登場
6,スタイルアップも叶えてくれる“ベルテッドボトム”で気分もUP♡
6,「新たな目標」がお座なり そこに「WHY」はありますか？
6,脱毛サロンで嫌われる客4種「VIO脱毛の前にシャワー浴びてきて！」
6,なぜ「友達」を部下にしてはいけないのか
6,お洒落で、二枚目で、賢くあれ
6,離婚 元夫からの1500万円不動産贈与で、まさかの大転落
6,職場の雰囲気が向上!? 仕事中のティータイムをおすすめする4つの理由とは？
6,失明の恐れがある生活習慣ワースト5――PC画面が目の高さより「上or下」どっちが健康に悪い？
6,なぜインドで洗濯洗剤「アリエール」が広まったのか？―― 150万人の父親を動かしたP&Gの戦略PR
6,春アウターは短命なので不要！...でも欲しい人は軍モノがオススメ
6,たったひとつの言葉が！夫が離婚を決意した「妻のNGワード」
6,【かっこいい】やたらカッコ良い”市名”ランキングが発表される。第1位は・・・。
6,フレンチブルドッグのグッズを販売してるお店7選~専門店から通販まで~
7,【DevCon Japan 2017】すべてのMCU/MPUでe-AIのサポートを目指すルネサス
7,世界初の「遺伝子改変アリ」で、その複雑な昆虫社会の進化を解き明かす(米研究)
7,Microsoft Wordにゼロデイ脆弱性 - アップデートは未提供
7,エデュアス、学校のICT導入を支援する「ICTスタートキット2017」
7,“ピッとするだけ”1秒で商品情報がわかるグローバルサービスPaykeが最優秀賞
7,「Preimum-Line Z270FD」の水冷クーラーの実力やいかに？ 温度と動作クロックの変化をチェック
7,AMDの新CPU「Ryzen」はWindows 10でも正常に動作する
7,法人向けカスタマーサポートサービス「LINE カスタマーコネクト」提供開始
7,下水処理場で未知の巨大ウイルス発見 宿主の遺伝情報を取り込んで進化？
7,Macの基本機能にブルーライト調整機能「Night Shift」が追加
7,TIS、COBOLベースの大規模アプリをJavaへ移行するサービス
7,デスクの上でノートPCを自由自在に動かせるアーム
7,1Gbpsの無料WiFiサービスがロンドン中心部で2017年秋にスタート
7,【DevCon Japan 2017】セコムとの協業でIoTセキュリティの基盤開発に挑む
7,『CS:GO』が今夏より「Source 2」エンジンを採用―中国向けプレゼンで明らかに
7,2017年第1四半期スマートフォンシェア、SamsungがApple抜いて首位に
7,iOS10.3.2とmacOS 10.12.5のパブリックベータ2が公開
7,Windows 10 Creators Update 正式リリース、段階的に自動アップデート拡大
7,真性VAIOマニアのVAIO Phone Aレビュー。意外な高コスパ、Androidでスタート地点に立った「安曇野フィニッシュ」スマホ
7,ウイングアーク、情報利用ダッシュボードの最新版「MotionBoard Ver.5.7」
8,マックカフェ人気の“チョコバナナ”ドリンクが復活！ラテやスムージーなど3種
8,東京ドームホテル札幌のランチ「人気麺メニュートップ5」を味わう。2017年4月29日まで。
8,ロブスター三昧？ ロブスターマーケット&イータリー
8,帽子と合わせる簡単メッシーバン。
8,レストランが自宅に出張するサービス「マイシェフクイック」グランドオープン！
8,マクドナルド「グラン」ほか新メニュー3つを正直レビュー。満足&残念ポイントは？
8,店よりうまい「冷食大賞」のガッツリ炒飯~味の素冷凍食品「ザ★チャーハン」
8,たまらん美味しさ！PABLO×パイの実&チョコパイ
8,【4月の誕生石】「ダイヤモンドレシピ」に挑戦してみよう！
8,5分で完成！和えるだけ♪長芋を使った食感楽しい副菜レシピ
8,うずらの卵ひとつで親子丼を作ってみた
8,日本酒100種類が3000円で時間無制限の飲み放題 酒好きの天国「KURAND」が千葉・船橋に初出店
8,みんなが好きなカップスープの味TOP3
8,【ミャンマー】ラーメンの一風堂がヤンゴン登場 「トンコツ」「替え玉」定着するか
8,日本各地の名店約60店舗が集結！春の「美味コレクション」が新宿高島屋で開催！
8,ベーカリー24店が集結！4月22日・玉川髙島屋 S・C「にこたまパンまつり 2017」開催
8,ハーゲンダッツがパンの名店・メゾンカイザーとコラボ！ 東京丸の内に期間限定カフェをオープンするんだって
8,自宅で燻製が楽しめるキャメロンズのミニスモーカーセット
8,ふりかけ「のりたま」のカップ焼うどん
8,【葉っぱは食う？ 食わない？】満開の桜の下で桜餅を味わいたい【甘党無宿】
1,林家染丸 師匠の50回忌追善落語会発表会見「誇れることは弟子が増えたこと」
1,菅原洋一 同い年のペギー葉山さん悼む...「戦友を亡くした」 互いに弔辞の約束
1,A.B.C-Z塚田、座長の覚悟 なるべく飯おごる
1,ドラマ「孤独のグルメ Season6」が相変わらず“飯テロ”すぎる！ 炭水化物×炭水化物に「初回から全力すぎ！」の声
1,「プレバト!!」で取り上げられた“一筆箋”が奥深いと話題に「番組見てから一筆箋が欲しくてたまらん！」
1,ジャンプ19号綴じ込み付録『ヒロアカ』原画風カラーレプリカにファン大興奮「ビビるほどカッコいい！」
1,又吉直樹2作目『劇場』初版30万部に反響続々 初版発行部数は『火花』の倍
1,フジ、ドラマ好き女子の座談会を同時生配信
1,NHK番組、“けもフレ”大反響に驚き「びびり気味」 『ダーウィン』サーバル回再放送
1,観月ありさ、足にしがみついてきた高嶋政宏を撃退「蹴り倒しました!」
1,“AI仮面”参上！ 仮面女子のイラストからAI(人工知能)が世界初の作詞
1,観月ありさ、サプライズ失敗？キスマイ藤ヶ谷太輔がまさかの反応「がーやを驚かせたくて」
1,“母”沢尻エリカ、愛息子の誘拐に...「母になる」今夜スタート
1,佐々木希と渡部建に早くも「ビジネス夫婦疑惑」離婚Xデー予測も
1,大人気作「ReLIFE」が全話無料で読めるぞー！ 実写映画化を記念した大キャンペーン
1,"指原莉乃、理想の男性は""ヒモ""「いつも家にいるヒモがいい」"
1,水樹奈々&平原綾香、1泊3日NY旅行”ガチ”約束 - 歌姫2人で熱唱
1,PC『アトム：時空の果て』正式サービス開始！ 手塚治虫キャラが近未来を舞台にカードバトル
1,久保ユリカがキャスト4名に『フレームアームズ・ガール』の魅力を聞く! 「AnimeJapan 2017」アニゲー☆イレブン! ステージレポート
1,元SKE48・柴田阿弥アナ 「自称サバサバ系女子が苦手」発言に共感の声
2,「トリプルアクセルに声をかけるとしたら」 浅田真央選手引退会見の珍問答がネットで話題に
2,5月の本番へ向けてU-20日本代表候補キャンプを実施。メンバーに小川、岩崎ら
2,涙拭ってスマイル=浅田、晴れやかに去る
2,13日の予告先発投手=プロ野球セ・リーグ
2,13日の予告先発投手-プロ野球パ・リーグ
2,日ハム、またまた故障者も...栗山監督は「さあ、来たな！ 俺どうしたろ！」
2,レアル、ドイツでのアウェイ戦は“超苦手”...連覇目指しバイエルンと対戦【今夜のCL】
2,浅田真央さん引退会見 ノーカット 8
2,オリックス、ドラ1・山岡が初登板！ 13日の予告先発
2,[MOM2099]阪南大高DF吉田岳晴(3年)_プレミア初陣のチームに初勝ち点もたらした劇的ヘッド
2,[関西]近畿大登録メンバー
2,清水vs札幌 スタメン発表
2,[関東]専修大登録メンバー:前期
2,師弟対決・第1R...レアル、デシマ達成のアンチェロッティ率いるバイエルンの本拠地へ(8枚)
2,甲府vsC大阪 スタメン発表
2,新潟vs広島 スタメン発表
2,[プレミアリーグWEST]「そんなところ通すんか!?」相手選手も舌を巻いた広島ユースMF川村の高精度パス
2,仙台vs磐田 スタメン発表
2,大宮vs柏 スタメン発表
2,ブリスベンvs鹿島 スタメン発表
3,海外で『ペルソナ5』「戦闘メニューコラージュ」が流行の兆し
3,ぜんぜん豆苗が生えてこないなぁ... →衝撃の事実が！
3,高所恐怖症激注意！地上152mにあるガラス底のプールがマジ怖ぇえええ！(アメリカ)
3,猫は見ていた！飼い主の留守中に羽目を外してしまったワンコ
3,気になる先住リスに姫的なアプローチ 甘えん坊のメス猫「うなぎ」
3,【衝撃】決定的瞬間！ネコとは思えない珍行動に爆笑すること間違いなし(30秒)
3,飼い猫がネズミや鳥を捕まえてきても叱ってはいけない
3,【歩くだけで...♡】子ポメラニアンの歩行が、はちゃめちゃな可愛さだった(; ・`д・ ́)
3,【変形マネキンチャレンジ】 ある男性が「蝋人形館で人形の振りをした」らこうなった！ 来館者に写真を撮られまくることに!!
3,ツイッターでFIGHT！ 学べて楽しい、動物たちが繰り広げるトーナメントバトル
3,犬のしつけに失敗する！？飼い主がやりがちな5つの間違った行為
3,身近なペット達がモチーフのテープのり「ドットライナーペット」発売
3,空を飛んでいる気持ちで泳げる、地上152メートルのガラス製プール「マーケットスクエアタワー・インフィニティ・プール」
3,ミニチュア牛、犬と親友になった結果犬化が進む。牛である事実をすっかり失念。「自分犬やし？」
3,使用したブロックの数は14万6400個...街を彩る1700本の「LEGOの水仙」が圧巻
3,『SATC』オープニングに別バージョン。キャリーが着た98年の「Itドレス」とは
3,子柴犬と365日一緒にいられる喜び♡ 新しい家族にいろんな表情を見せてくれました(* ́艸`*)！
3,【不審すぎる...笑】ロバート秋山が家出少女を救うFPO法人キヨちゃん先生に
3,脱毛症の7歳少女「奇抜なヘアスタイルで登校する日」に披露した髪型が美しい
3,飼い主さんのナデナデが気持ちよすぎて...『むみゅむみゅー♡』小鳥の “喜びの声” が、可愛すぎた！
4,ガソリン価格、2週連続横ばい - 軽油は7週ぶり下落
4,東芝、決算発表でより鮮明になった上場廃止への懸念
4,スリーエフがローソン・スリーエフに
4,イー・ガーディアン、フィリピン法人を設立 - 投稿監視やユーザーサポート
4,ヤマダ電機、ベスト電器を完全子会社化 - ベスト電器は上場廃止へ
4,「ZOZOフリマ」終了 売り上げ伸びず
4,民法改正案、今国会成立へ=債権ルール見直し、衆院委で可決
4,超党派で依存症対策法案=今国会成立目指す-カジノ推進議連
4,夜の森、桜満開=大半は立ち入り禁止-福島・富岡
4,復興予算5兆円未使用=防潮堤など遅れ-11~15年度・検査院
4,東京株、4カ月ぶり安値=円急伸、地政学リスク警戒
4,「みんなの保育の日2017」 “フォー・イク”の4月19日に開催
4,オートバックス、新ブランド「ジャック&マリー」...クルマを通じたライフスタイルショップ
4,東芝「上場廃止リスク」 残る2つの壁とは？
4,【13日の天気】西・東日本は桜映える青空、北海道は雪降る寒空が復活
4,ガス自由化スタート...「セット割」の活用で高い割引率実現も
4,「浜渦氏偽証告発」“都議会の品格”が問われる
4,東京・杉並の「床下遺体」女性、1月7日姉に最後のメールか
4,新学期迎え全国の通学路で交通違反一斉取締り
4,8歳女児に強制わいせつの疑い、すし職人の男逮捕
5,「4月に米国が北朝鮮攻撃」 韓国政府が否定する「危機説」は「デマ」なのか
5,【北朝鮮情勢】公明・石田祝稔政調会長、米軍北攻撃の事前協議「日本に相談あってしかるべき」
5,＜北朝鮮問題＞カート・キャンベル元米国務次官補「トランプ氏は対中威圧に成功」―米メディア
5,「日本行き旅行」で詐欺か=600人飛行機に乗れず-タイ
5,ドルト被害の爆発事件、イスラム過激派組織が関与か。「アッラーの名のもとに」との手紙発見
5,【北朝鮮情勢】「知らなかった」というネットユーザーも!? 米空母派遣のニュースが届いていない問題
5,日本で中国人の偽僧侶が捕まる=中国ネットは「外国に行ってまで恥をさらさないでほしい」と嘆き
5,祝祭ムードの平壌=金日成主席生誕で行事準備-北朝鮮
5,＜コラム＞お菓子のパッケージから見える、北朝鮮と中国の深いつながり
5,偽のがん治療薬を販売か、スペインの大学教授ら7000万円荒稼ぎ
5,日本との差を直視してみたら「喜んでなどいられなかった」=中国報道
5,「世界一貧しい大統領」ホセ・ムヒカ元大統領の置き土産!? ウルグアイで7月から薬局で大麻販売開始
5,ユナイテッド航空にネチズン怒り収まらず！ 「中国国民は最後まで抗議すべき」
5,外務省、韓国に滞在・渡航する邦人に「海外安全情報」
5,北朝鮮で外交委員会設置、菅長官「重大な関心もって情報分析」
5,『マインクラフト』中国展開がスタート、北京国家水泳センターが『マイクラ』色に染まる
5,ロンドンで中国人家族が「酸攻撃」受ける、父親は顔に「人生変える」傷、母親と2歳男児は軽傷―中国メディア
5,中国の習主席、トランプ米大統領に北朝鮮問題の平和的解決求める
5,全日空、米ユナイテッドに顧客の懸念伝達=乗客引きずり降ろし
5,引きずり降ろされたのはアジア系の医師 ユナイテッド航空の「オーバーブッキング」騒動に非難
6,ズルい男との恋愛、カラダだけでつながる2人...ハマる読者続出！ 話題沸騰のコミック『liar』
6,最近、気になっている外見の悩みは? - 日本在住外国人に聞いた
6,チェコ・ボヘミアガラスを間近で見学&体験！工房「アヤェト・リンダヴァ」
6,【ストーカー警報】元カノに3年間毎日「大嫌い」とメッセージを送り続ける青年がヤバすぎる！ その数は1000通に!!
6,自ら道を開いた日本の女性7人に聞く「私を支える言葉」
6,ここが勝負所っ！ 2回目のデート成功のコツ
6,足がゾウみたいになる病気「火山の土のせいだった！」ウガンダ 陰嚢の巨大化も...
6,ひたすらガチャを回してコンプリートを目指す「毎日のガチャ」
6,雰囲気美人になる方法って？ コンプレックスをモテに活かそう♡
6,春と秋の衣替えはいらない!? 家族の暮らしを楽にする収納術、3つのポイント
6,ドワンゴ川上会長の育休取得と、妻との平穏な家庭生活のコツ
6,"一人っ子の親がやってしまいがちな""NG子育て""、注意すべきポイントは?"
6,暖房シーズン終了! 家庭でできるエアコンクリーニングの方法と注意点
6,"""ららぽーとへ100の提案""ランチ会議で施設を変えた、ママ社員の力"
6,あと一押しッ！男子に「忙しい」と断られたときの大逆転セリフ3つ
6,若き銀行員たちよ。「カサ屋」になるな！ 気象予報士を目指せ！
6,他のカップルはどうしてる？デート後のSNS投稿事情を覗き見！
6,老け顔に見えちゃう...アラサー女の「おでこのシワ対策」4つ
6,小池新党は烏合の衆 !? ネーミングのイメージ形成にご注意
6,光線銃で「ゲームの世界に革新を」、元自衛官起業家が描く次世代ゲームプラットフォームに迫る
7,ネクストエンジンのEC自動化製品とHameeのクラウド物流サービスが連携
7,2020年の小学校プログラミング必修化、家庭での認知度は？
7,ソーシャルメディアのリスク解析でMicrosoft AzureのAI技術を採用
7,カシオ「EXILIM」、人物撮影を重視した「EX-ZR3200」の発売を延期
7,Flash Playerの月例アップデートが公開、脆弱性7件に対処
7,パイオニアブランドのネットワークコンポーネントがe-onkyoダウンローダーに対応
7,ビデオへのコンプレックスは、すぐに捨てた方が良い
7,世界初の楽譜専用2画面電子ペーパー端末「GVIDO」が9月に発売 楽譜の保存や購入、フットスイッチでページめくりも可能に
7,本当に危険なのはシステムそのもの。ハッキングされた156台の緊急サイレンが夜中に鳴り響く
7,最近「マック」と呟いていない人は新作バーガーがほぼ半額になるクーポンが貰えるぞー！
7,空中に描いた絵がそのまま作品になる上海問屋のペン型3Dプリンター
7,ニコン「D7500」6月発売 D7000シリーズ初の4K撮影対応
7,「PlayStation VR」が無料の360度VR動画アプリ「360Channel」に対応
7,乳幼児もスマホ依存に!?「使いすぎ」「手放そうとしない」が急増
7,一粒で二度美味しい！音質が選べるbeyerdynamicのヘッドホン『DT 1990 PRO』
7,『Gears of War 4』ランク戦がPC/XB1間のクロスプラットフォーム対応に
7,最近機種変更したAndroidユーザですが、SMSが使えません!? - いまさら聞けないAndroidのなぜ
7,アイ・オー、物理ボタンの入力でロック解除する高セキュリティUSBメモリ
7,上海問屋、机上スペースを確保するアルミ製ディスプレイスタンド
7,ジャパンシステムとSBPS、不正検知ソリューション「Accertify」を提供開始
8,ファミマ「ソイスタイル クリーミー豆乳タルト」ほか：新発売のコンビニスイーツ
8,スターバックスより、超アメリカンな味わいのフラペチーノ®が新登場！
8,刺激的な“真っ赤なスープ”「名古屋台湾ラーメン」がカップめんで食べられる
8,人気が止まらない！「萌え断」サンドイッチカタログ
8,牛丼が絶品の老舗店に隠された逸品 / なんどき屋「豚バラ生姜焼き定食」に癒やされる
8,銀座に「目隠しレストラン」オープン 感覚研ぎ澄ませ「肉」を味わう
8,苺たっぷりの「季節のフルーツパフェ」がめっちゃおいしそう！「芳川屋」のオーナーに詳しい話を聞いてみた
8,スターバックス「アメリカンチェリーパイ」はサクサクパイと爽やかさが魅力
8,ようこそ、チョコの森へ！--初のコンセプトショップ「モンロワール umie モザイク店」オープン
8,大ヒット鍋が進化！トリプルスープで食べる「生つくね塩もつ鍋」
8,伏見桃山で前菜たっぷりの選べるパスタランチ「イタリア食堂 Necco」
8,癒される香り!? 「子猫の匂い」がするフレグランス(米)
8,【5分で簡単おつまみレシピ】パン コン トマテ
8,スターバックス初！「パイ」乗ったフラペチーノがザクザク食感
8,パリパリ食感！本格ブリュレアイス登場
8,あまおう100%のピューレ使用！いちご味の伊達巻が限定登場
8,タリーズの春ドリンクはさわやかなオレンジ香るラテ
8,【パンのフェス】14万人が集結！最も注目を集めた絶品パンは？パンマニア実食レポ
8,砂抜き裏ワザ☆旬の「あさり」を味わい尽くそう♪
8,加古川はかつめしだけじゃない! 新「加古川ギュッとめし」は2度おいしい
