1,キングちゃん「もらい泣きさせ王」に佐久間Pの“本妻”劇団ひとりが参戦
1,アラン・ホールズワースが逝去。享年70歳
1,欅坂46史上最もハード「センター平手友梨奈にパワーを」MV撮影秘話語る
1,日曜劇場『小さな巨人』に吉田羊の出演が決定
1,BRADIO、全国3都市で“未知との遭遇”
1,佐々木希「渡部になりました」とLINE
1,【動画】2017明治安田生命J2リーグ第8節ハイライト
1,井上正大&ジェイミー夏樹 第1子男児誕生を報告「喜びで胸いっぱい」
1,池田ショコラ 楽しくお酒が飲めてモンハンが好きな男性を待っています！
1,指原莉乃“世界の渡部ビル”でAKB48ショーに意欲 『行列』新プロジェクトへの協力要請に「是非！」
1,『ゼルダの伝説』渋くてカッコいい「ハイラルの懐中時計」がプライズとして登場、デザインは2種類
1,日本ハムが夕張再生に一役 同市出身・大橋純子が特別ゲストに
1,菅田将暉ら俳優軍VSキスマイ、イケメン対決を制するのは!?「キスマイBUSAIKU!?」
1,「この世界の片隅に」こうの史代、作品展が開催決定！デビュー作を含めた歴代作品の原画がずらり
1,【おすすめ番組】ラジオで出会おう「夢を叶えるための“きっかけ”」
1,GENERATIONSが、茨城の高校の名門ダンス部に潜入！ 「AGEHA」ダンスを超近距離で熱血指導
1,石田ひかり「体張る」アキラ100%ネタを我が子に
1,「シナモロール」デビュー15 周年記念！スペシャルショップが梅田にオープン
1,tricot、チョーヒカル手がける新作アートワーク公開&ツアーゲストにtold
1,"麗しき「花」に酔いしれる。蜷川実花 「earthly flowers, heavenly colors」展へ"
2,【大宮】「やっと点が取れたのは良かったけど...」。MF江坂の心に残ったのは喜びか、それとも、悔しさか？
2,大坂は48位で変わらず=女子テニス世界ランク
2,ダルビッシュは「最高のフォーム」 MLBでセットポジション増のワケ、米紙分析
2,本塁打王経験者・中村剛也、レアード、村田修一が同じ日にようやく第1号！ 筒香嘉智も間近？
2,《先取りドラフト候補・高校生》夏の甲子園に向けて始動！ 逸材6人をチェック！
2,胸にハート！中日6・18ガールズデーで無料配布のユニ発表
2,バルサ困惑 クロップの発言
2,すし男レアードが最下位も2発で復調気配／パ打率
2,巨人小林7分5厘 WBC幸運男はどこへ？／セ打率
2,日本ハム近藤がトップ、西武浅村が猛追／パ打率
2,中日大島と巨人坂本がトップ、鳥谷6位後退／セ打率
2,リズム狂わせた一発=岩隈、ショック引きずり6失点-米大リーグ
2,上原、制球に苦しむ=米大リーグ
2,“悲劇の事故”から5カ月、シャペコエンセが州選手権で初タイトル獲得
2,17歳の女子高生 ツアー初優勝
2,石岡一vsつくば国際大高
2,モウ監督「彼らの苦しめ方は分かっていた」、マンUが首位チェルシー撃破
2,浅田真央応援メッセージを2回も掲載、韓国五輪のインスタが批判浴びる=韓国ネット「わざと？」「絶対にしてはいけないこと」
2,爆発事件で負傷のドルトDF、バルサの元同僚2人の”激励訪問”に笑顔
2,西武野上「感覚的な対応」で気まぐれな海風を利用
3,人面犬ならぬ犬面犬。自分の分身を耳に宿して生まれた犬(アメリカ)
3,猫にぴったりのベッド、IKEAが動物施設に10台寄付...気に入ってもらえるかな？(動画)
3,足がすくむ......足元から地上が見える40階建てマンション屋上プールがスリリング
3,「病気でみすぼらしい子猫を拾って育てることにした...」→2年後、飼い主が驚くほどフサフサの毛に
3,愛犬・愛猫の名前ランキングで首位を奪回したのは「○○○」
3,白猫になるか黒猫になるか迷うニャ...こっそりニャンコになりきれる「ルームドレス」が誕生したよ♪
3,【今日のわんこ】ぺろりんちょ♡ 太郎くんの舌ペロ姿が可愛すぎる！
3,シャボン玉にはしゃぐアライグマさんがもん絶級のかわいさ
3,これぞ日本犬♡ 自然のなかにマッチする、柴犬好きにはたまらない柴犬のんちゃん画像集(10枚)
3,数年前に話題になった「猫転送装置」が、再び海外掲示板で話題に！
3,明らかに無理がある！小さいベッドで休もうとするワンコたち
3,拾い食いの怖さ！愛犬がホウ酸団子を食べてしまった...。
3,今にも動き出しそう！チョコレートでできた“オウムガイ”がリアルすぎる
3,なかなか良さげ。釣り竿の代わりにラジコンボートを使った、RCボート・フィッシング
3,【癒される】萌えるわ！見ていると「ああ、幸せ」となれる動物の写真が話題に！
3,ゆるカワ〜♪材料2つの「ネコのしっぽ弁当」で子ども大喜び！
3,ウィメンズ・マーチで女性を励ましたリーダー、レイアが『エピソード9』に登場！ しかもCGIじゃない
3,関東天気/気象予報士 小野裕子
3,スター・ウォーズ・セレブレーション、現地取材ツイート
3,【ビデオ】「子どもか！」とツッコミたくなる！改造おもちゃ車でぶっ飛ばす外国人たち
4,助けに入ったわずか2秒後に...電車にはねられ2人死亡
4,「玄関で殴り、床下運び刺した」=杉並女性遺体事件、逮捕の男供述-警視庁
4,逮捕後に児童が初登校「知人でも付いて行かないで」
4,社員の奨学金返済を一部援助 サタケの新制度
4,長時間労働が要因か、トラックドライバーの脳・心臓疾患、自殺の多さ
4,イエローハット、オートフィスティバルを開催...「8月2日はオートパーツの日」をアピール
4,日経平均は57円安と5日続落、連日の年初来安値更新、地政学リスクに円高で売り優勢=17日前場
4,週間天気 あすにかけて春の嵐
4,朴前大統領は17日午後にも起訴へ、韓国検察は捜査総括の発表も
4,千葉・9歳女児殺害、ランドセル捨てた後に遺棄か
4,山本地方創生担当相が失言「一番がんは学芸員、一掃しないと」
4,「対話へ圧力かけること必要」北朝鮮対応で安倍首相
4,Gartner、2017年の半導体市場の成長予測を前年比12.3%増に引き上げ
4,バスと乗用車が衝突 23人搬送 乗用車はみ出しか
4,大阪・午前中で気温20度超 咲き誇る造幣局「桜の通り抜け」
4,授業中に中3男子死亡 遺族が卒業式参加拒否される
4,【産経・FNN合同世論調査】民進党支持率、発足以来最低の6・6% 安倍晋三内閣の支持率は微増59・3%、自民党支持率↑42・5%
4,日本に流入する避難民保護も “朝鮮半島有事”想定
4,【新聞ウォッチ】自動ブレーキ性能でも国の「お墨付き」基準認定へ
4,山本担当相、「学芸員はがん」撤回し陳謝=菅長官、閣僚に注意喚起
5,【北ミサイル】安倍晋三首相「北への圧力必要」 難民流出対応も想定
5,北朝鮮の挑発、続いてはならない=米大統領補佐官
5,優勝したのが福原愛だったらよかったのに...中国の卓球代表総監督、平野美宇の実力に危機感―中国誌
5,仏大統領選まで1週間切る 歴史的混戦、「極右対極左」の決戦も
5,北朝鮮ミサイル発射「失敗」への不安 「不安定な武力ほど危ないものはない」
5,対北朝鮮、高度な警戒維持=核・ミサイル放棄へ圧力-安倍首相
5,「あらゆる選択肢ある」と警告=非武装地帯視察で米副大統領
5,米中連携の対北朝鮮「瀬戸際圧力」、奏功か=米朝が直接対話の兆し―国際情報筋
5,復活祭は公園に親子でタマゴ探しに出かけよう！
5,日本でブーム起こしたパクチー、7人に1人が遺伝的にダメ 中国にも嫌いな人がたくさんいた！ =中国メディア
5,【北ミサイル】「度重なる挑発行為を断じて認められず」 政府、北に抗議 核実験など引き続き警戒監視
5,中国人に人気の北海道になんと「アメリカ」が存在した！ 中国人が日本に来て驚く事実=中国メディア
5,日本政府、「ヒトラーの著書を学校教材として使用可能」と閣議決定=韓国ネット「日本、大丈夫か？」「大日本帝国の復活を狙っている」
5,米大統領補佐官「この状況が続いてはならない」 北ミサイル発射で
5,THAAD報復の影響はなし？韓国の対中輸出が増加=中国ネット「愛国ネットユーザーはがっかりだな」「中国人の気概はどこへ？」
5,優れた技術を持っているのに、スバルが中国でなかなか売れない理由=中国メディア
5,家庭用サウナで母娘死亡、取っ手壊れ出られず チェコ
5,市負担で小学生をタクシー通学させる日本、中国ネットが称賛=「このような政府こそ人民のための政府」
5,＜相場の見方、歩き方＞地政学的リスクの陰に潜むチャンス、好業績銘柄評価の流れは健在(1)
5,トルコ国民投票、改憲賛成派が僅差で勝利 反対派は異議
6,小林ひろ美さんが肌の「黒ずみモヤモヤ」をオフする方法を教えます！
6,高齢者施設、“順番待ち”人気施設に入るにはどうすればいい？
6,要介護3でも可能に...在宅での介護サービスを選ぶポイント
6,ハリウッドセレブも実践する“暗闇ジャンピングフィットネス”が体験できる『jump one 池袋』オープン！
6,くわばたりえ：第6回 赤ちゃんが元気に産まれてくれたら、性別なんて関係ないねん
6,LCCはキャンセルしたら返金ないのか メリット、デメリットの賢い利用法
6,妊娠中の不安、妊婦の25%以上が医師に聞けず
6,漢字で書くと強そうな動物ランキング 3位食蟻獣(アリクイ)
6,【セブンナイツ】スパイクの評価と能力紹介：2種の氷結効果+スキルクールタイムを持つ高火力キャラ！
6,花粉症の方、ぜひ参考に!! 使い捨てじゃないマスクが進化しまくっている件 / 「今治タオル生地」「ノーズワイヤー」「レース」など
6,世界のビジネスマンに聞く海外出張で失敗したビジネスマナーTOP5
6,基本から学ぶ「ダシのとり方」煮干し・昆布・かつお節の時短テク
6,言ってない？NG親が使いがちな「子どもの自信を奪う」フレーズ2つ
6,「母の日おせち」がブーム？喜ばれるおすすめプレゼント7選
6,男性が「結婚を意識できない」と考えてしまう女性の特徴3つ
6,キスに夢中すぎて橋から落下
6,「長いこと庭に埋めておいた『拳銃』を掘り起こしてみたら...信じられないことになっていた」驚きの写真
6,円の行方、ドルの行方 (83) その通貨を扱うなら、その国へ行ってみる
6,母親の精神的疲労の原因1位は「人間関係」 - 誰との人間関係に疲れてる?
6,女性も気になる鼻毛を綺麗に除去！ 【鼻毛ワックス】の方法を詳しく解説★
7,中の人はAI！ 進化する「チャットボット」とは？
7,【世界のドローン62】最高の水中&水上映像が撮影できる最強の防水機能を持つ英国製ドローンが登場！
7,電動一輪スケボー「Onewheel」がパワーアップ!航続距離は最大11キロに
7,理研ら、デブリ円盤に炭素原子ガスが存在することを発見- 塵から新たに供給
7,約2万円でも安す過ぎ！VR事情の超濃い話が聞けたアスキー総研イベントレポ
7,業界に痕跡を残して消えたメーカー メモリー領域確保で世話になった「QEMM」のQuarterDeck
7,アップルへの苦言、伏兵的ライバルはアマゾンとソニー
7,格安スマホへの「苦情」にツッコミ 「実店舗ない」に「だから安いんだろ」
7,セイコーのGPSソーラーウオッチ『アストロン』からジウジアーロ・デザインを体現する先進のクロノグラフが登場
7,摩訶不思議！どんどん色が変化する「カメレオン」おもちゃ
7,iTunesブランドが廃止へ？・iPhone 8の発売が遅れる？・ジョブズの極秘プロジェクト：画像ピックアップ76
7,3E、和テイストのデザインを採用したBluetoothスピーカー「mode」を発売
7,プリンストン、紙に文字を書くような感覚で気軽に使える電子メモパッド「ideaBoard」
7,費用は半額以下！自力で部品からiPhoneを組み立ててしまった男が登場
7,リンクス、ワコム製の電磁誘導方式デジタイザが付属した10.1型の2-in-1タブレットを発売
7,高級時計メーカー「フランク・ミュラー」のiPhoneケースが美しくって可愛らしい / ただしお値段はまったく可愛くありません！
7,LINE カスタマーコネクト向けにIBM Watsonを搭載した新ソリューション
7,スカイディスク、設備機器の故障予測できる「SkyAI」提供開始
7,Windows 10では「デフラグ」をする必要はないの？
7,Apple、母の日に向けた特設ページを公開
8,市場の名物が買いたい！ 全国“お取り寄せ”カタログ
8,旬を新じゃがを手軽に味わう簡単レシピ5選
8,週末に飲み残した白ワインで作っちゃう？うまみたっぷりワイン蒸し5選
8,【きょうの気分はどっち？】厚切りベーコンと春野菜のスープ煮VS厚切りベーコンのジャーマンポテト
8,クッキングペーパー活用、特性最大限に生きるレンジ蒸し等
8,ワインセラーならぬ日本酒セラー 考案者はあの人！
8,関西初進出！タピオカミルクティー発祥の台湾カフェが西宮にオープン
8,サッと簡単に手早く作れて、男子の舌とお腹を満たす！ 人気料理家5人が教える「ほめられテッパンレシピ」
8,超簡単&箸が止まらない！ ネットで話題の“無限レシピ”を集めた本【作ってみた】
8,ファミマ「味付海苔 たまごかけごはん風」ほか：今週の新商品
8,「新じゃが」を食卓に！今週登場させたいオススメ食材
8,京町屋ホテルで楽しむ、ホリスティックなスパ&朝食
8,TV紹介の人気和菓子が「水信玄餅にソックリ」 意識したのか、店を直撃
8,アサイーより...今キテるのは？「ハワイの美容食」ロコおすすめの5選
8,焼きたてチーズタルトのパブロ監修！パイの実&チョコパイの“チーズケーキ味”をひと足先に食べてみた
8,材料4つで！しいたけの丘
8,サントリー「こくしぼり」に「キウイ」フレーバー登場
8,ミルクティーなのに「食事に合う」 キリン 午後の紅茶 ティー ウィズ ミルク
8,ベニスで密かに人気の隠家インドネシア料理店：Wallflower
8,みずみずしい鎌倉野菜で作るやさしい定食。「鎌倉の住人」気分を味わえる癒しカフェ #鎌倉 #sahan #おしゃれカフェ Vol.35
1,日本ハムが夕張再生に一役 同市出身・大橋純子が特別ゲストに
1,菅田将暉ら俳優軍VSキスマイ、イケメン対決を制するのは!?「キスマイBUSAIKU!?」
1,「この世界の片隅に」こうの史代、作品展が開催決定！デビュー作を含めた歴代作品の原画がずらり
1,【おすすめ番組】ラジオで出会おう「夢を叶えるための“きっかけ”」
1,GENERATIONSが、茨城の高校の名門ダンス部に潜入！ 「AGEHA」ダンスを超近距離で熱血指導
1,石田ひかり「体張る」アキラ100%ネタを我が子に
1,「シナモロール」デビュー15 周年記念！スペシャルショップが梅田にオープン
1,tricot、チョーヒカル手がける新作アートワーク公開&ツアーゲストにtold
1,"麗しき「花」に酔いしれる。蜷川実花 「earthly flowers, heavenly colors」展へ"
1,井上正大、第1子男児誕生を発表「喜びと責任の重さを感じております」
1,乃木坂46白石麻衣『あさひなぐ』“なぎなた”披露 「青春ってかっこいい」
1,モーニング娘。’17vsアンジュルム、中西香菜の活躍で意外な結果に
1,指原莉乃にリリー・フランキー「夜中に銀座で指原と会うとすごく可愛く見える」
1,「ヤングライオン祭り」にiri、チャランポ、ペギーズ、ラブサマちゃん
1,岡田結実、帯コメントの出川哲朗に感謝も「10冊は買って配って！」 1st写真集の発売記念イベントに出席
1,アンジェリーナ・ジョリー、ロサンゼルスに27億円の新居
1,Xboxリーダーが語る「ゲームの長寿化」と家庭用ゲーム機の未来
1,映画「あさひなぐ」白石麻衣が強く美しい先輩剣士に
1,秒速で笑えるマンガ『目の錯覚』タイクツくんDX|退屈先生
1,アイスがブレイクする前に復習しとこ！ 映画『ワイルド・スピード』シリーズの進化の歴史
2,浅田真央応援メッセージを2回も掲載、韓国五輪のインスタが批判浴びる=韓国ネット「わざと？」「絶対にしてはいけないこと」
2,爆発事件で負傷のドルトDF、バルサの元同僚2人の”激励訪問”に笑顔
2,西武野上「感覚的な対応」で気まぐれな海風を利用
2,エームズが初優勝=米シニアゴルフ
2,吉田沙保里のガチンコ合宿メニューに、女子柔道ホープもヘトヘト？
2,香川真司が語った爆発事件の恐怖。「僕たちが狙われたわけですから」
2,逆転でのCL4強入りへ...ネイマールが抱負「いつもの2倍走らないと」
2,ジーコ、同胞ネイマールにエール「いつか世界一に」...バルサを訪問
2,シュヴァインシュタイガーが早くも今シーズン2点目...加入後チームは無敗
2,コンテ監督、枠内シュートゼロでマンUに完敗「敗戦は私の責任だ」
2,交通事故死1000人超す=最も遅いペース-警察庁
2,乾貴士、好機演出も得点ならず「文句言うことない」
2,酒井高徳、ボランチ奮闘も「負けるべくして負けた」
2,長期離脱のシャルケ内田篤人、2年ぶりにベンチ入り
2,長友が大半の時間でエースキラーぶり発揮も... “30分間の仕事”でスソと差、伊紙評価で明暗
2,【柏】「本当に紙一重だった」。大谷が語る神戸戦の勝敗を分けた部分と、浮上のヒント
2,「常に危険な男」が吉田麻也に競り勝ち20か月ぶりの一撃。マンCに頼れる主将が戻ってきた！
2,試合を動かし、試合を終わらせる――クレバーに振る舞った天野純は、今の横浜をどう分析しているか？
2,【横浜】いくつもの“青空ミーティング”が結束力をさらに高めて、チームを強くする
2,[UEFA Young Champions]ともぞうSCがCL決勝開催地・ウェールズの世界大会出場獲得!!(20枚)
3,気持ち良さそう！掃除機で毛を吸い取られるコーギーさん
3,大小のハスキーコンビ、2匹で一緒に遊んでいるんだけれど、ちょっと仲良しすぎだった...(艸д゚*)♡
3,【ハイライト動画】白熱のミラノダービーは劇的ドロー！フル出場の長友が奮闘|インテル 2-2 ミラン
3,豆柴と柴犬の違いとは？わかりやすく解説！
3,518時間かけてデザイン、3Dプリンタで出力した、華麗な装飾の甲冑がすごい
3,いつも抱き合って眠ってるニャン！ 仲良しのハウルとマロン(オンリーわん&おんりーニャン)
3,【驚き】下半身が不自由になったボロボロの子猫が2ヶ月経つとこうなった...！
3,カクテルを飲むと1UP？ワシントンDCに期間限定“マリオバー”がオープン
3,勉強中のお兄ちゃんの傍に居たかった子猫。腕の中で待つ、健気すぎる様子にキュンと来る( ́；ω；`)♡
3,【今日のわんこ】お花見しまいた♡ こだまちゃんと満開のサクラ
3,『ねこのための音楽』に反応するのはどんな猫？猫カフェで実験してみた
3,かゆいところに手が届いた？ ワンコの背中をかいてあげるワンコ
3,【取材】柴犬をモチーフにした「羊毛フェルト」がSNSで話題に！聞いてみたら独学だった
3,大きなダルメシアンと保護子猫たち♡ お昼寝ワンコと子猫の様子が... とってもほんわかだった(* ́з`)
3,眠っている間に飛んでいきそう!?プロペラ機をかたどったベッドがキュート
3,猫好きじゃなくても行ってみたい話題の猫スポット
3,【取材】食事の時間になると住職の椅子に集まるニャンコの姿にほっこり！
3,杉本彩&でんじろう 私がこの子に選ばれた？ 深い縁で結ばれた相棒
3,我慢強いからこそ要注意！飼い主のみなさん、犬の痛みに気づいてあげて!!
3,カナダのメイクアップアーティストが作る錯覚メイクが凄い
4,九州道、GW前に4車線復旧へ 熊本地震から1年、被災区間の2車線規制が解消
4,全国1000万人が陥っている可能性 都心で急増“買い物弱者”対策の難しさ
4,ネットラーニング、改正個人情報保護法に向けeラーニング研修サービス強化
4,2018卒就職人気企業ランキング、2位「JAL」- 1位は?
4,国際帝石、ネットワン◆今日のフィスコ注目銘柄◆
4,東京為替：ドルは一時108円24銭、株安を警戒したドル売り
4,東京為替：株安一服もドルは上げ渋る
4,東京為替：ドルは108円30銭台で推移、上値の重い状態が続く
4,(中国)上海総合指数は0.50%安でスタート、外部環境の不透明感などを警戒
4,(中国)1-3月期のGDP成長率は6.9%、予想上振れ
4,東京為替：ドル・円は弱含み、地政学リスクへの警戒続く
4,帽子をかぶった全裸マン 江東区辰巳の公園に出没 無言で佇む30代
4,消防学校生ら23人けが=貸し切りバス、乗用車と衝突-福岡
4,為替は1ドル=108円台前半
4,「転勤死ね！！！」言えないワーママの悲痛な叫び
4,もう「廃炉」しかない... 東芝を窮地に陥れた事業が東芝の未来を握る現実
4,今すぐ、投資信託のコストを調べなさい
4,【モータースポーツジャパン2017】閉幕、天気にも恵まれ10年ぶりに総来場者数12万人を突破
4,踏切事故で破壊されたクルマの破片、近くにいた駅職員に当たる
4,大型トレーラーに積載されていた巨大タンクが落下、車道を塞ぐ
5,韓国大統領候補、国を「ヘル朝鮮」と嘆く若者たちに喝！=ネットは猛反論「こんな社会をつくったのは誰？」「まずあなたがヘル朝鮮を理解しないと」
5,改憲問うトルコ国民投票、大統領が勝利宣言
5,アマゾン中国とジャパンが提携、中国の日本製品市場の争奪戦激化か―中国メディア
5,シリア爆弾テロを非難=米
5,改憲賛成派が勝利=大統領「歴史的決断」-反対派は異議・トルコ国民投票
5,北朝鮮、日本本土へ核ミサイル攻撃の可能性...特殊部隊1万人が日本上陸で戦場化も
5,外務省はすでに注意を喚起――米朝関係は“決戦前夜”？
5,トルコ憲法改正 大統領権限強化で“独裁政権”へ道
5,北朝鮮の動乱が世界の金融市場に及ぼす影響について
5,色付きから白に原点回帰したトイレの生活史
5,北朝鮮ミサイル攻撃リスクへの対応シナリオ
5,"好調経済の裏でニュージーランドを蝕む""中国病"""
5,安倍首相は過激な言動で朝鮮半島危機を煽っている？=「東アジア情勢は安倍首相が望む方向に進んでいるようだ」―中国ネット
5,米高官、北朝鮮ミサイル「発射4~5秒後に失敗」
5,韓国ロッテ、THAAD報復による上半期の売上損失が960億円超の見通し=韓国ネット「どうせ稼いだ金は日本に行くのだから...」
5,習近平が10秒間も絶句。米中会談後わずか10日間で世界は変わった
5,北朝鮮、ミサイル失敗も...平壌は市民が休日満喫
5,トルコ憲法改正案で国民投票 大統領権限の強化
5,北朝鮮情勢の緊迫化で韓国渡航者の登録倍増 外務省の安全情報サービス「たびレジ」
5,中国のおばちゃんが繰り広げる集団ダンス、米国で「迷惑！」の声―米華字メディア
6,女性も気になる鼻毛を綺麗に除去！ 【鼻毛ワックス】の方法を詳しく解説★
6,疲れた顔が一瞬で華やぐ！3分でできる化粧直しで持っておきたいアイテム3選★
6,副業も有効！「寿命100年時代の働き方」キャリアコンサルのアドバイス
6,今買うべきインナーはコレ！ALL GU！進化型ブラトップ4選
6,萱葺民家と富士山のビューポイント！山梨「西湖いやしの里根場」
6,行動科学者が設計した、Eメールのわずらわしさを激減させるアプリ2つ
6,東京がサイバー攻撃の集中砲火を浴びても大丈夫 ? --- 鈴木 隼人
6,小児性犯罪を減らす、たった1つの方法
6,花のように。セクシーさとエレガンスを叶えるジャドール、新フレグランス
6,まるで薄紫のカーテン！藤の花の季節が到来、都内の藤の名所「亀戸天神社」
6,【見つからない！】この中の「たまご」を発見するパズルが激難しいと話題に！
6,【デュエルエクスマキナ】イズモデッキについての考察
6,【動画】午後のウェザーニュース・お天気キャスター解説
6,たった3つの100均アイテムで美女と野獣風ガラスドームをDIY♡
6,恒常的な豆類摂取で2型糖尿病リスクが3割超も低減との研究が報告
6,コスメも春の装いに♡♡下地の色、本当に自分に合ってる？
6,2017年4月17日のおひつじ座の週間占い【石井ゆかりの星占い】
6,2017年4月17日のおうし座の週間占い【石井ゆかりの星占い】
6,2017年4月17日のふたご座の週間占い【石井ゆかりの星占い】
6,2017年4月17日のかに座の週間占い【石井ゆかりの星占い】
7,三菱重工、放水砲ロボットとホース延長ロボットの試作機開発...自動運転機能を装備
7,Facebook、スパムアカウント摘出システム強化で3万アカウントをパージ
7,クラウドファンディングで、今熱いディスクトイって何だ？
7,【上海モーターショー2017】住友理工、単独初出展へ...中国での開発・供給体制をアピール
7,マセラティ『クアトロポルテ』——さらに進化した旗艦
7,「押しボタン」がついたUSBメモリー―正しいパスワードを入れないと使えない！
7,時間泥棒ゲームの名作「ソリティア」の生みの親ウェス・チェリーさんはいま「アップル」の仕事をしている
7,【ガチ】質量が0以下の「負の質量をもつ物体」の生成に米大学が成功！ ついに“反重力装置”が実現か！
7,iOSを10.3にアップデートしたら空き容量が3GB近く増えた！
7,画期的な「神器」？ それともムダ？ 広東省に出現した「スマホ族」向け信号機に疑問噴出
7,スナップチャットを「全力で潰す」フェイスブックの意気込み
7,11万6000mAh、ポート11個!あらゆるデバイスの同時充電ができる「RIVER」
7,春にユーザー急増中 「名前の分からない花」を教えてくれるアプリ
7,がんの痛みを和らげる薬など、新薬10成分はどんな薬？
7,簡単な画像編集ならPhotoshopは不要！Windows 10の標準アプリ「フォト」が優秀なんです
7,トヨタが介護ロボット進出で描く未来
7,4/17のセール情報：アドレス帳に登録したデータを整理整頓してくれるアプリ「Simpler Pro」無料セール
7,ブロックチェーンを株主総会の投票に？JPモルガンなどが投票システムの概念実証
7,釣りが10倍楽しくなるおもしろドローン3選
7,【今日の無料アプリ】120円→無料♪「Forests: スマホ中毒の解決法」他、2本を紹介！
8,みずみずしい鎌倉野菜で作るやさしい定食。「鎌倉の住人」気分を味わえる癒しカフェ #鎌倉 #sahan #おしゃれカフェ Vol.35
8,もつ煮の自動販売機が群馬県にあった！ 永井食堂でもつ煮を買って食べる
8,トリノ カフェ 探訪 ! 伝統と革新☆老舗ジェラート Pepinoから目が離せない
8,アンチエイジングにおすすめ！秋野暢子さん、平子理沙さんの腸活朝食
8,ローラは米粉パンで手作り！芸能人の「フレンチトースト」ブーム
8,-イースターから生まれた「パンケーキの日」？北欧では魔女が卵を配る？！-
8,No. 349: 秘密の憩いのカフェ。
8,美人鍋@塚田農場 Plaza Senayan
8,銀座にパリ発ベーカリー「ル・ブーランジェ・ドゥ・モンジュ」オープン--グルメコンテスト1位のリンゴタルトも登場！
8,チロル産の牛乳を使った美味しくて安いアイス屋さん
8,旭川「ラーメン専門 味特」
8,絶品の宇治抹茶スイーツとそばを堪能☆宇治に来たら必ず寄りたい！「伊藤久右衛門 本店」
8,PLAZAの新業態「#0107 PLAZA(オトナプラザ)」が「GINZA SIX」にオープン--女度を上げる雑貨やドリンク
8,【スッキリワザ】にんにくの「皮&芯」を同時にムニュッと取る方法！
8,バヤリースの新シリーズで季節ごとの健康な生活をサポート！
8,トマトだけじゃない！色々のせようブルスケッタレシピ
8,Ostereier(オスターアイアー)/イースターのタマゴ
8,大ぶりのカツ5枚で900円！「量が多い」と店員さんが忠告するチキンカツ定食を頼んだらキツネ色の “山” が来た!! 千葉県・船橋市『福徳食堂』
8,ドトールに新作！デザートみたいな「宇治抹茶フローズン」や爽やか「レアチーズタルト」など
8,食物アレルギーでも安心！代々木上原にある添加物フリーの和菓子店レポート
1,渡部建「行列」が佐々木希「小さな巨人」に0・1差
1,乃木坂46・白石麻衣が映画「あさひなぐ」出演、エース宮路真春役で西野七瀬と共演
1,野村周平、間宮祥太朗ら出演「帝一の國」スピンオフ放送、最終話には菅田将暉も
1,石田ひかりが全力ネタ 思春期娘にブルゾンちえみ、アキラ100%...
1,嵐・相葉雅紀の“伊野尾探し”が話題「可愛すぎる」「優しい先輩」
1,乃木坂46白石麻衣、西野七瀬の“強く美しい先輩剣士”役に 猛特訓で挑む＜本人コメント＞
1,椎名林檎&トータス松本が初共演！ 銀座の街でデュエット
1,【V系】快進撃、挫折...そして武道館へ! “ライブバンド・BugLug”の軌跡を映像作品で振り返る
1,『弱虫ペダル NEW GENERATION』、御堂筋と岸神が総北合宿に潜入
1,倉木麻衣の最新ライブを独占放送!「名探偵コナン」とのSPコラボ動画も
1,NakamuraEmi「笑ゥせぇるすまん」OP曲をラジオでフルサイズ解禁
1,「情熱大陸ライブ」第2弾でKREVA、岸谷香、新妻聖子ら5組
1,ポール・グリーングラス監督、アル・カポネ組織を壊滅させた捜査官描く新作に関心
1,「ムーンライト」監督×ブラッド・ピット製作会社の新作ドラマをアマゾンが獲得
1,DATSのアルバム「Application」完成、自主企画に雨パレと向井太一
1,「エクス・マキナ」ソノヤ・ミズノ、アジア系大富豪の恋愛描く「Crazy Rich Asians」に出演
1,ちんぽやくざ&クリトリック・リス、監督機関の要請でイベント出演会場を変更
1,アンドリュー・ガーフィールド、実在の戦場ジャーナリストを描く映画に主演
1,「僕のヒーローアカデミア」体感型謎解きゲームが開催決定 参加者は雄英高校の生徒に
1,さらば青春の光が社長と社員役で映画出演、イッセー尾形主演「漫画誕生」
2,J1 第7節ベストイレブン発表！ ダービーで2発の杉本健勇やプロ初ゴールの原輝綺らを選出
2,トップアスリートが考える引き際...荒川静香さん、浅田真央さんの場合
2,非難テベス 夢の国で怒り買う
2,プロ野球、小学生レベルとの声 落ちる球ばかりで暴投、四球を連発
2,チェコの17歳が初優勝=女子テニス
2,松山、4位変わらず=男子ゴルフ世界ランク
2,川崎フロンターレはなぜ「理想のサッカー」を追及するのか？ 大島僚太「目指すサッカーがあるから、全員がひとつの方向に向かっていける」
2,試合中に観客席から突き落とされたファンが瀕死の重体。犯人は”弟の敵”
2,【G大阪】早くも正念場!? 移籍後初スタメンでシュート0本の赤﨑は...
2,豪腕投手の脱ワインドアップ、その理由は？
2,久保のJ最年少ゴールに独紙が「ニッポンのメッシ」と注目 香川同僚MFとの比較も...
2,チェルシー敗れ2位と4差=欧州サッカー
2,ジョンソンが通算2勝目=男子テニス
2,ダルビッシュはノースロー=米大リーグ
2,谷原、パットに泣く=米男子ゴルフ
2,ヤンキース・田中「リミッターを外した」158キロに見せた進化
2,選手を乗せたバスをライバルチームのファンが襲撃、スイス1部リーグ
2,モウリーニョが完勝宣言?「まさに完璧」「戦術が上手くはまった」
2,[関西]山口兄弟先発の阪南大は7発大勝!関学大は高尾3Aに山本2G1Aで5発発進:第1節
2,池田、パターでリズム崩す=米男子ゴルフ
3,あの人気の犬種たちの知られざる過去
3,【メロメロにゃんこ♡】飼い主さんの演奏が大好きな猫がとった行動が... 可愛すぎ&いい雰囲気だった♡
3,もはやトラウマ？爪切りを目にすると大急ぎで隠れる犬
3,凄技いろいろ！ドローンを使ったトリックショット映像集
3,「うちの猫の寝相は...いくらなんでも無防備すぎやしないか!?」(動画)
3,愛犬から「今まで以上に愛される」ための3つの方法
3,【動画】久保建英がスーパーゴールを突き刺す！J最年少得点記録弾は度肝を抜く一撃
3,【考え中♡】隠されているボールの場所を考え込む、ニャンコの仕草がかわいすぎた(* ́ェ`*)♡
3,雪深く埋もれたダウンヒルコースを強引に走る、マウンテンバイクのライダー視点映像
3,見えない“誰か”と遊ぶ猫ちゃん 1匹でグルグル回り出す姿に飼い主さん「誰に遊んでもらってるの......」
3,「クシュン!!」アライグマの前でくしゃみをしたら、とっても優しかった！(16秒)
3,仲良しかわいい マレートラの赤ちゃん、育児係のワンちゃんにベッタベタ
3,「お風呂ヒャッホーッ！」お風呂を愛してやまない、2匹のダックスにお待ちかねのバスタイムが...♡
3,勘弁してください！赤ちゃんのウンチから逃げ出すワンコ
3,これどうやって使うの...？食器の概念を打ち破る斬新すぎるカトラリー
3,カンガルーが町中に？ 必死で散歩しようとする男性の姿が話題に
3,赤ちゃんホワイトタイガー、はじめての泳ぎの練習に挑戦するの巻「なんじゃこりゃ」な表情にもご注目ください
3,千種ゆり子の天気のタネ/全国
3,帰ろうよ！VS帰らないワン！意地でも動かない可愛いコーギー
3,絵本の世界みたい！小鳥を助けたジャックラッセルテリアと小鳥の友情
4,【日本株投資戦略】地政学的リスクで株価急落!?ここから狙える銘柄は!?
4,「東芝倒産」は日本的経営と決別し世界基準に脱皮する契機に
4,メルカリ、大型商品の配送サービス開始 ヤマトと提携
4,【医師の働き方改革】 丸山 泉さん
4,逮捕後、初の登校=住民「子ども裏切った」-千葉女児殺害
4,1~3月の中国成長率、6.9%=景気対策支え、ペース加速
4,500円で三浦半島の有料道路2回と駐車場が利用できるチケット発売 ソフトクリーム付き
4,公職選挙の開票ミスは、あまりに20世紀的
4,福岡・飯塚市で貸切バスと乗用車が衝突 1人重傷
4,造幣局支局で八重桜公開=広島〔地域〕
4,キノコの違法採取は「共謀罪」？=処罰対象の妥当性争点-ニュースを探るQ&A
4,ヤマト運輸、宅配運賃を値上げ 27年ぶり
4,契約社員の処遇改善に一歩 NTT、社員と同額の手当支給
4,私大の授業料は高いのに...国の補助率10%割る！
4,悪質！横浜・蒔田駅でイタズラ通報 「60人倒れた」の「狂言」で消防隊員120人出動
4,東京五輪で日本の食材使えない?! GAP問題とは何か
4,JCBなどクレジットカード、一時使用できず
4,Global Women Impactors~アジア女性社会起業家の「伴走者」を募る~(3)
4,将来推計人口 どう政策に反映させるか
4,熊本で2人はねられ死亡 基準値4倍“酒気帯び”運転
5,中国のおばちゃんが繰り広げる集団ダンス、米国で「迷惑！」の声―米華字メディア
5,韓国大統領選がスタート=文、安氏「2強」が第一声へ
5,トルコで改憲国民投票=大統領権限強化の是非問う-賛成派、僅差でリード
5,ランジェリーモデル36人のセクシーな姿に釘付け！―広東省
5,あら恋GOTO、Alaska Jam森心言ら所属DALLJUB STEP CLUBが中国ツアー
5,トルコで改憲国民投票=大統領権限強化の是非問う-親政権派と世俗派で世論二分
5,中国を「為替操作国」と呼ばず=米大統領、北朝鮮で批判封印
5,拉致被害者へ緊急放送=米空爆に備え呼び掛け-調査会
5,シリア市民に癒やしを=ローマ法王
5,「北朝鮮が核爆弾撃ってきたら、会社休みになるかな」日本人のツイートに中国で共感多数「俺たちも同じ思いだ」
5,米中外交トップが朝鮮半島情勢について電話会談
5,シリアでISと闘う元花屋の男性。リラックス感漂う戦場の写真が話題に
5,日本は「意図的」に朝鮮半島問題の脅威を煽っている！ =中国報道
5,妊娠した若い女性、テレビドラマをマネして大出血―中国
5,服役の前にAVデビュー 教え子との頻回な性行為で有罪判決の25歳美人教師(米)
5,米中外交トップ、朝鮮半島情勢めぐり電話会談
5,全日空、中国就航30周年=成田空港で記念式典
5,北朝鮮の新型ミサイルの主な目標は日本？米国までは届かず―中国メディア
5,丹羽元駐中大使の無責任な平和論に慨嘆する
5,地下鉄駅の巨大スクリーンにポルノ映像流れる、インド
6,2017年4月17日のやぎ座の週間占い【石井ゆかりの星占い】
6,2017年4月17日のみずがめ座の週間占い【石井ゆかりの星占い】
6,2017年4月17日のうお座の週間占い【石井ゆかりの星占い】
6,電車のつり革、クチャラー、魚の目......。私が「生理的に絶対ムリ！」なもの
6,皮膚科医が教える！ ほくろが増えやすい人の特徴
6,独身男性って「訳アリ」なの？ 30~50代の独身男性の実態とは
6,掛けた分だけ税金控除！ 「個人型 確定拠出年金」と「保険会社の個人年金」の違いとは？ りそな銀行に聞いてみた！
6,バカに見られない！ 相手を不愉快にさせない、感じのいい「日本語の使い方」とは？
6,着物はとことん着まわす！お金をかけない、江戸時代の徹底したリサイクル魂
6,「大人の発達障害」女性が見過ごされてしまう3つの理由
6,最初から美容外科医になろうなんて思ってるヤツはバカ──高須克弥院長インタビュー
6,すごく大変そう...男が「この子とは付き合えない」と感じる瞬間
6,留学経験なしでもTOEIC900点超え！ すぐできるTOEIC勉強法―リーディング編―【学生記者】
6,「これ以上は無理だ...」男性が片思いを諦める瞬間5つ
6,働く保護者必見！仕事と子育ての両立5つのコツ
6,同棲するなら要チェック！ムダなケンカをしないための「4つのルール」
6,渾身のメッセージを！「LINEで告白」の成功ルールとは？
6,どういう関係！？男が内心ムッとしている「彼女と男友達のやりとり」
6,公共の屋内で全面禁煙すべきという人は約○割 20代は気にしない様子？
6,瀬戸内海が誕生したのは神様のいたずらとしか思えない
7,釣りが10倍楽しくなるおもしろドローン3選
7,【今日の無料アプリ】120円→無料♪「Forests: スマホ中毒の解決法」他、2本を紹介！
7,Lead Trend、ツイストデザインのケーブル保護カバーを発売
7,オンキヨーブランドのDAP、ハイレゾスマホ専用楽曲再生アプリ「Music App」が無償アップデート開始
7,サンワ、HDMIやLANポートを増設できるSurface用ドッキングステーションを発売
7,NTTドコモ、AI機能との連携で成長するカーナビサービス
7,BASELWORLD 2017 - ジン、技術・理論・哲学に裏打ちされた魅力あるモデルの数々
7,「急にお腹が...」という時に便利なアプリ5選
7,SisenseのPulseは機械学習を用いてデータ異常に警告を発する
7,世界初の脳波を計測して睡眠の質を改善する高性能アイマスク「Neuroon」レビュー
7,日本のマストドンサーバ、再びユーザー数世界一に
7,Googleとリーバイスが作った丸洗いできるスマート・ジーンズ
7,最大38日間連続待受可能なASUS『ZenFone 3 Max』に上位モデルが登場
7,Appleがカリフォルニア州での自動運転車試験の許可を得た
7,熱を加えて狙った変形を起こすことのできる新しい4Dプリント技術
7,iOS 11ではこうなる！？今年のWWDCで発表されるかもしれない新機能を予測
7,上海問屋、キーホルダー式のLightningケーブルとmicroUSBケーブルを発売
7,ASUS、最大1300Mbpsのデュアルバンド無線LANルーター「RT-AC65U」を発売
7,カメラで撮りたいものを均一に照らせるLEDパネルライト
7,落書きをAIが絵にしてくれる♪ Googleの新サービス『AutoDraw』が想像以上にスゴい！
8,フランス直輸入！人間国宝が作る春の高級ショコラ
8,ドイツの伝統！ライ麦パンの作り方と一緒に食べたい簡単おかず
8,自宅で本格挽きたてコーヒーを手軽に楽しむ方法
8,これぞ「罪の味」！チキンラーメンぶっこみ飯がジャンクすぎて最高
8,マヨネーズで食卓を彩る キユーピー研究者の工夫
8,料理研究家に聞く「だし」の上手な選び方
8,キャベツで仕切って、“4人前の目玉焼き”を見事なセパレートに！
8,「ヒビヤガーデン」最新情報！ビールメニュー&完全予約制プレミアムラウンジを先取りチェック
8,かつての賑わいが屋上に復活！京食材を楽しめる「大丸 ビアガーデン KYOTO」がオープン
8,トリュフみたいな梅干しが誕生!! ワインやシャンパンと相性抜群の “洋風梅干し” とは...？
8,中国の定番朝食「煎餅」、アジア発ストリートフードとして欧米でヒットの兆し―香港紙
8,【ズボラレシピ】ツナ缶を使った簡単ヘルシー料理でダイエット！
8,【初夏にぴったり！】週末に行きたい横浜お散歩デート♡♡
8,水で戻すだけ、アレンジ自在の切り干し大根シャキシャキサラダ
8,小さい？大きい？「日清焼そばプチU.F.O.ビッグ」発売：今日は何の日
8,捨てちゃうなんてもったいない！たけのこの固い部分で自家製メンマを作ってみよう♪
8,【シェフレシピ】おしゃれすぎる！美才治さんのフォトジェニレシピ！食べておいしい、見て美しい☆
8,今週から買えるドリンクのまとめ：4月17日(月)
8,ていねいに作られたほっとする焼き菓子 阿佐ヶ谷のお菓子屋さんの手みやげ
8,【下ごしらえの手間減】「お弁当チヂミ」なら隙間に合わせて大きさ自在！
1,安達祐実、“Bガール化”も「いいんじゃない？」と絶賛の声 イケメン夫公開に「井戸田とは全然違う！」
1,モーニング娘。’17とアンジュルムが『アイドル生合戦』で激突！ 8つの合戦に勝利して『太鼓の達人+』登場権を獲得した軍団は？
1,蛭子能収のゆるゆる人生相談「同時給でたばこ休憩は不公平」
1,氷川、水森らが熱唱! 「長良グループ・演歌まつり」が初の沖縄公演
1,映画「あさひなぐ」白石麻衣が薙刀部のエースに、西野七瀬演じる旭の先輩役
1,「ヒロアカ」の謎解きイベント、個性発揮しヴィランの襲撃から生還せよ
1,さいたま市にあるジェクサー・フィットネスクラブ 大宮で、「プールdeシネマ」第2弾。新作DVD『ぼくのおじさん』の観賞を
1,新体制に向けたキャスティングが目立ったジャニーズ事務所
1,三重で初開催！約4年に一度のお菓子の祭典「お伊勢さん菓子博2017」
1,トム・ハーディ主演ドラマをはじめ、高品質の話題作を日本初で提供し続けるスターチャンネルの凄み
1,乃木坂46白石麻衣、映画『あさひなぐ』出演 強く美しい先輩剣士役
1,「けものフレンズ」とニコニコのコラボカフェがオープン！「じゃぱりまん」などオリジナルメニューが多数登場
1,魅惑のヒップが色っぽすぎる！グラドル・安枝瞳、“しりえだビキニバックショット”でファンを悩殺
1,こんなアイドルを妹に欲しい！Iカップグラドル・青山ひかるのたわわな谷間に反響続々
1,桑田真澄の息子・Mattがブレイク寸前!? 芸能&スポーツ界で活躍するプロ野球選手の二世たち
1,波瑠“新のどごし”に太鼓判！直筆サイン入りバースタンドも出発
1,スカイツリーと同じ重さのセット!?“歴史的人災”の再現度がとんでもないことに
1,椿原愛 妹と姉の二役を演じました！
1,女子高生・ゆりやんレトリィバァがイケメン同級生と恋に落ちる「恋する肌キュンmovie」公開。挿入歌は赤い公園
1,ベン・アフレック、離婚申請後も妻子と同居中
2,モウリーニョが完勝宣言?「まさに完璧」「戦術が上手くはまった」
2,[関西]山口兄弟先発の阪南大は7発大勝!関学大は高尾3Aに山本2G1Aで5発発進:第1節
2,池田、パターでリズム崩す=米男子ゴルフ
2,イチロー 古巣の本拠地へ帰還 元チームメートが凄さ語る
2,ユナイテッドに敗れタイトルレース混戦模様 首位チェルシー監督「リーグ優勝の可能性は50%」
2,チョリッチが初優勝=男子テニス
2,内田、久々のベンチに笑顔=ドイツ・サッカー
2,阪神・マテオ、八回に登板し今季2勝目「粘れてよかった」
2,阪神・桑原、3K6人斬り！金本監督「完ぺきなリリーフでした」
2,阪神・能見、先制許すも5回1失点「最少失点で抑えることできた」
2,阪神・伊藤隼、初昇格即安打！「もちろん準備はしていました」
2,阪神・糸井、4打数無安打...出塁「12」で止まった
2,阪神・糸原、初1番抜てきも無安打「最後は出塁できればよかった」
2,巨人・大竹寛、強気のリードで2勝目！「丁寧に投げた結果」
2,巨人の“代打の神様”亀井、九回一死一に貴重な追加点
2,大器の片鱗見せるソフトBドラ2左腕 今度は“謎のボール”、その真相は...
2,久保新記録 スペインにも衝撃
2,谷繁氏が監督から貰って嬉しかったモノとは...
2,上田桃子涙、勝負の一打で池ポチャ「熊本の人に...」
2,真央の意志、羽生結弦「跳ぶたびに心の中に」／連載
3,片時も離れられない...実際に経験した愛犬の分離不安による破壊行動
3,静岡県・西伊豆 絶景の岬やガラス工房、温泉宿で暮らす猫ちゃんたち
3,ブラッシングが気持ちよすぎて...♡ ハスキーの表情が「お口半開き・お鼻ヒクヒク」とものすごい事に
3,ビヨンセ担当スタイリストがバービー人形に本気のスタイリングをしてみたら......「カッコよすぎる」と話題に
3,【修行まんが】キレたブッダは電化製品をブッ壊す(後編)
3,「グレーちゃんです」 相棒のAIBOをかわいがる黒柳徹子が何だかかわいい
3,これはヤバい！色々な「直前の瞬間」を撮影した写真その5 34枚
3,こりゃ野生では無理だわ。保護したオポッサム、甘えん坊が過ぎてついに家族の一員に(アメリカ)でファミリー化決定
3,心肺停止で火災現場から救出された犬。息を吹き返すまでの20分間、消防士は諦めなかった。
3,集中できないけど天国！ ヨガを邪魔する超かわいい子猫ちゃんたち
3,"お気に入りの""おしゃぶり""を咥えたトラの赤ちゃん♡  ナデナデされると...( * ́艸`)とろーん♡"
3,【取材】サバゲー好きの苺農家が始めた「シューティングレンジ」がSNSで話題に！﻿
3,ワニに集団で襲いかかりエサとする、オオカワウソの狩りの様子
3,かわうそちわわ。(その92)
3,【滑り台とニャンコ♡】愛猫のこんな姿を目撃したら ...きっと応援したくなっちゃうハズ！(* ́Д`)笑
3,音色にウットリ。ご主人様が演奏するギターに寄り添う犬のメイプルちゃん
3,保護されたベンガルヤマネコのかわいさが話題に―中国
3,やさしい猫、犬のためにエサを取ってあげる(動画)
3,【ケージからの救出成功】おもちゃのワンコにまで愛情を注ぐ、健気な柴犬さん♡
3,隣の庭を見たくてワンコがぴょんぴょん → 優しいお隣さんが塀にのぞき穴を作ってあげる
4,酒酔い運転容疑で会社員を現行犯逮捕 粕屋署
4,福岡市、明日18日は黄砂に注意を 見通し5キロ以下予想
4,壱岐・対馬地方に暴風警報 長崎地方気象台
4,「偲鳥会」と書いて「しちょうかい」と読む...
4,新たな武器はウェンディーズ! ファーストキッチンに聞く逆転の筋書き
4,「パナソニック」幹部になりすまし...“詐欺”男逮捕
4,吉野家の「牛丼ジレンマ」 「一筋」感と「苦戦」の関係
4,アイロンとしても使える 1台2役の「衣類スチーマー」、日立から
4,PTAって違法なの？「#PTAやめたの私だ」に見る苦悩【はじめてのPTA 第1回】
4,身近な「医療費控除」も新制度がスタート！ 家計を元気にする節税のきほん【知っている人だけトクする税金術 2017 第6回】
4,4月から始まった「ガス自由化」消費者にどんなメリットがある？
4,九州道上りの見坂峠付近で衝突事故、2車線規制中
4,乗客が急病、鹿児島線ダイヤ乱れる
4,強風、高波予想で一部運航変更 JR九州高速船「ビートル」
4,福岡市西区拾六町団地4番付近で建物火災との通報
4,乗用車が貸し切りバスに激突、十数人が病院搬送 福岡県飯塚市
4,円相場、108円32~32銭=17日午前9時現在
4,がん診断画像デジタル化 関連しそうな銘柄は？
4,最悪の顧客体験にどう対応するか ユナイテッド騒動から学ぶ5つの教訓
4,ドキリとする桜景色。「大覚寺」。
5,THAAD配備先送り示唆=反対の中国に配慮か-米当局者
5,横領疑惑で逃亡していたメキシコの元知事、隣国で拘束
5,日本で慣れてしまうと帰国後に奇異な目で見られる習慣―中国ネット
5,「忘れない」「安全な国を」=客船事故3年で大統領候補-韓国
5,パラグライダー墜落で死亡=同好会の62歳男性-静岡
5,手術成功わんこ！ 麻酔で夢うつつニコニコふわふわ
5,ごみの山崩れ23人死亡=スリランカ
5,北朝鮮国内ではミサイル発射報じず 祝賀ムード続く
5,米中が朝鮮半島情勢を協議 協力強化の進め方議論
5,リンさんの両親、葬儀終えベトナムから日本に戻る
5,日韓と連携、北朝鮮に圧力=ミサイル発射、対抗措置取らず-中国の出方見守る・米
5,北朝鮮ミサイル、打ち上げ直後に爆発し失敗
5,強姦被害者 CR7との証拠
5,安倍首相、トランプ大統領が北朝鮮ミサイル脅威煽るも、韓国は平穏
5,リビア沖で移民3000人を救助、イタリア沿岸警備隊とNGO
5,政府、北朝鮮に抗議=防衛省幹部「影響ない」-ミサイル発射
5,上海アダルト見本市、人民解放軍が出展していたことも
5,フィリピン軍、イスラム教徒のみの部隊を編成へ
5,【北ミサイル】日本政府も「弾道ミサイル1発、直後に爆発」と認識 北に厳重抗議
5,中国映画を見る人、日本など東アジアで少ない傾向―中国メディア
6,【何それ怖い！】アルゼンチンの聖母マリアが「血の涙を流す」姿が撮影される！
6,コーラと「胃液」を混ぜるとどうなる？ 実験動画が話題、真っ黒な塊が熱をもって暴れまくる!? 専門家からは異論も...
6,奈良七重七堂伽藍八重桜――俳句歳時記を楽しむ
6,シュガーが肌の上でとろだす！BOTANISTで角質ケア
6,【京都西本願寺】金閣寺・銀閣寺にならぶ京都三名閣も！今だけ無料特別拝観で境内ぐるっと観光☆「飛雲閣・書院」
6,いつの間にかドロシーが3枚揃っていたのでウィッチさんに手を出す
6,連携アプリもカワイイ！ アクセサリー感覚のアクティビティトラッカー vol.33
6,偽ニュースは「絶対悪」なのか？
6,ネット民が挙げた ‟内気な性格でも楽しめるデート” 色々 「外向的になれるようにバーでデート」「友達とホームパーティーでグループデート」など
6,生後8か月で体重17.2kg 日々重くなっていくインドの女児＜動画あり＞
6,春夏用ハンドクリーム「スペシャルボーテ 薬用ホワイトハンドジェルクリームUV」発売
6,2Pickで勝利を目指そうinビショップ
6,知らなかった！ 日本のシンボル・富士山が「私有地」だったとは・・・=中国メディア
6,「恐れよ」ミニボート事故
6,仕事での悩みは「給与が低い」が最多 - 評価や待遇に関する意見を徹底紹介
6,聞きづらい財産の話はどう話す？ 30代で知らないと損をする「親の相続」問題点【知っている人だけトクする税金術 2017 第4回】
6,成績、勉強意欲の向上メリットも！ タブレット学習に反対の親はもう古い？【パパママの本音調査】  Vol.81
6,教育資金はおトクに贈与してもらう！ パパ・ママが「親のお金」をうまく生かす方法【知っている人だけトクする税金術 2017 第5回】
6,結婚式お呼ばれで大失敗！ ママになったら考えなきゃいけないマナー
6,夫と話し合いができない！ そのケンカにゴールありますか？
7,徹底比較！動画配信サービスはどこが一番イイのか？
7,iPhoneでレコーディングか可能？音楽が趣味な人には嬉しいアプリ
7,大規模火災で期待！“ロボット消防隊”その実力は？
7,「最も年収の高い米企業 」ランキング トップ20はテック企業とコンサルファームだらけ
7,AmazonレビューにブチギレたIoT車庫メーカー、ユーザーの端末を接続できないようにする暴挙にでる
7,MSI、「World of Tanks」「World of Warships」推奨の15.6型ノートPC
7,やっぱり作ってるんじゃん！Appleが「自動運転車の公道走行許可」を取得したことが明らかに
7,家族全員の安眠のために!最大8人分の睡眠を追跡する「hugOne」で生活サイクルを整えよう
7,「オリジナルプリント.jp」の手帳型ケースがリニューアルして登場
7,PlayStation、Oculus、Galaxy......VR機器比較 初めて買うにはどれがいい？
7,ゼロから始めるWebデザインテンプレート3選
7,放置続いたGoogle Earthアプリ、4月18日にリニューアルでVR対応か？
7,SilverStone、単体でHDDコピーも可能なUSB 3.1 Type-C接続HDDステーション
7,【恐ろしい】Appleタイマーか？Macbookから「ペットボトルを押した音」のような異音がすると多数報告！
7,メープルシロップは抗生物質の効き目を高める？
7,Synology、Atom搭載の5ベイ・8ベイ高性能NASサーバ - M.2 SSDもサポート
7,SilverStone、Intel純正CPUクーラーを装着できるMini-STX対応の小型ケース
7,日本上陸はいつ？サムスンの新フラッグシップモデル『Galaxy S8』を動画で解説
7,パソコンに取り込んだ写真が勝手に転送されてきます!? - いまさら聞けないiPhoneのなぜ
7,【格安スマホまとめ】ZenFoneにAR/VR対応機など登場！ 激増のZenFone 3シリーズを整理
8,【下ごしらえの手間減】「お弁当チヂミ」なら隙間に合わせて大きさ自在！
8,味も量も世界遺産級!?  知床の絶品海鮮丼5選
8,料理下手もプロ級に!? 便利な100均調理グッズ5選
8,真っ黒な目玉焼きですと!?  焦げたのではなくほんのひと手間加えるだけで簡単にできちゃうのです♪
8,【時短調理】磯の香りで食欲アップ！ 5分で作れるのりあえ5選
8,【今週の対決】赤坂と神宮、行楽定番の2大「サンドイッチ」
8,体に優しい旬のお料理が食べれる！和食、黒船へ！
8,厳選ワインフリーフローから、豪華なテラスランチまで！優雅なひと時を確約する隠れ家ラウンジを発見
8,カーネーションやハートを添えて。フランス菓子のルコントから母の日限定商品が登場
8,青空の下のヨガや手ぶらBBQも！虎ノ門ヒルズで春を楽しむイベント
8,#恋するスイーツ 「まっしろロールケーキ」にひと目ぼれ♡
8,孤独のグルメ シーズン6 / 三軒茶屋すずらん通りの回転寿司とうしお汁 / すし台所家 三軒茶屋店
8,【香りもおいしい♪】絶品香味ダレで味わう「豚肉巻き」レシピ3選
8,アラを煮付けにしたら美味しいこと、美味しいこと【こぐれひでこの「ごはん日記」】
8,レアな日本酒をいろいろ飲めるのに、全然ハードルが高くないお店【ヒョイ飲み】
8,有名シェフが−14kg！TVで話題の「もち麦ダイエット」簡単レシピ
8,台湾在住のパンダが教える最近食べた美味しいもの5選
8,実は主食はお米！ 意外と日本人の口に合う「セネガル飯」を紹介してみる
8,銀座で旬のフルーツ食べ放題☆ 『RAMO FRUTAS CAFE』のフルーツビュッフェ、知ってる？
8,表参道の裏路地にひっそり佇むオシャレフレンチ★
1,「けものフレンズ」とニコニコのコラボカフェがオープン！「じゃぱりまん」などオリジナルメニューが多数登場
1,魅惑のヒップが色っぽすぎる！グラドル・安枝瞳、“しりえだビキニバックショット”でファンを悩殺
1,こんなアイドルを妹に欲しい！Iカップグラドル・青山ひかるのたわわな谷間に反響続々
1,桑田真澄の息子・Mattがブレイク寸前!? 芸能&スポーツ界で活躍するプロ野球選手の二世たち
1,波瑠“新のどごし”に太鼓判！直筆サイン入りバースタンドも出発
1,スカイツリーと同じ重さのセット!?“歴史的人災”の再現度がとんでもないことに
1,椿原愛 妹と姉の二役を演じました！
1,女子高生・ゆりやんレトリィバァがイケメン同級生と恋に落ちる「恋する肌キュンmovie」公開。挿入歌は赤い公園
1,ベン・アフレック、離婚申請後も妻子と同居中
1,舞台『刀剣乱舞』最新作「義伝 暁の独眼竜」新しいキービジュアル解禁、追加キャラ&キャストも発表
1,石井ゆかりの週間占い(4/17~4/23)公開！今週のあなたの運勢は？
1,【日本ハム】5・4ロッテ戦に夕張市出身の歌手・大橋純子さんが登場
1,川野太郎、房総半島の最南端でガチ移住「細胞が刺激される」
1,水着×スケスケのナース服が過激！？グラドル・藤田恵名、『G☆Girls』樹智子の生誕祭でセクシーなライブ衣装を披露！「看護してください」
1,64歳ジェフ・ゴールドブラムに第2子誕生
1,THE ALFEE&還暦超え新人バンドのニューシングル発売
1,浅見れいな、ほろ酔い姿が「可愛すぎる！」と話題
1,「くりぃむナントカ」AbemaTVで復活、育休後の大木優紀アナも登場
1,「やすらぎの郷」に上川、神木らゲスト続々
1,AV業界の問題は「現場の中からの変化」を 川奈まり子・青山薫教授が激論
2,大谷翔平「打者専念」なら「三冠王」を獲る！(3)球界レジェンドも超える！
2,高安「僕も貢献」地元茨城の魅力度アップへ意欲
2,衝撃KO勝ち19歳那須川天心、主催者に逆オファー
2,初失点の上原浩治「申し訳ない」も米ファン擁護「全て完璧なんてあり得ない」
2,乾、後半から出場=スペイン・サッカー
2,柏が土壇場で勝ち点3を獲得...岩波退場の神戸は首位陥落(20枚)
2,待ってました!柏の10番・大津祐樹の1年ぶりゴールが劇的V弾に(4枚)
2,鹿島が“記念マッチ”に花添える4発!仙台はクリスランの初弾で一矢報いる(20枚)
2,20年目の金字塔...同期入団の小笠原&曽ヶ端がJ1通算500試合出場(6枚)
2,悪質観客が選手を襲撃、2度のピッチ乱入で仏リーグの試合が中止
2,酒井宏がアシスト=フランス・サッカー
2,小林はフル出場=オランダ・サッカー
2,世界最高年俸のテベス、負傷欠場した当日に上海DL訪問 中国ファン激怒
2,岩隈3回6失点降板 秋信守に逆転3ラン浴びる
2,岩隈、3回6失点も勝敗つかず=上原は初黒星-米大リーグ
2,ベイルがCLバイエルン戦負傷欠場か スペイン紙「時期尚早」、クラシコも「不透明」と指摘
2,欧州サッカー各国リーグ(16日)
2,絶好調・鯉打線、小休止 好機に主軸が凡退で、好投・九里を援護できず
2,レスターに解任されたラニエリ、来季もプレミアで指揮？ ワトフォードが関心か
2,原口決めた！ 魂の決勝打で広島にカード勝ち越し
3,「しまった...愛犬に買ったベッドが小さすぎた！」→無理して愛用してくれた
3,【犬のおまわりさん登場！】犬たちのケンカの仲裁に現れたワンコ！ その行動がすごくカッコよかった♡
3,猫見遊山 東京の奥座敷・東伊豆で個性豊かなにゃんこたちに出会う
3,【今日のにゃんこ】ストレッチ効果でリラックス♡ アランくんが編み出した猫ヨガポーズって？
3,「おっぴろげ~♡」な状態でお休み中の子コーギー♪ 耳を澄ましてみるとカワイイ声が...(艸д゚*)
3,ド派手に電柱なぎ倒し 「ヨメと口論、イライラ...」
3,【週刊ひげおやじ #6】YouTubeクリエイターさんいっぱいのパーティーに突撃!?
3,ネコアートからファッションまで大集合！阪神梅田本店で「まるごと猫フェスティバル2017」
3,とっても協力的♪歯ブラシで自ら歯を出してくれるワンコ
3,動物達が犠牲になっている「アニマル・ホーディング」という問題
3,雑誌の撮影で使った花はその後で
3,「起きてー！ バシバシ！」思いっきりのしかかって連続アタック&なんとかしてご主人を起こそうとする武闘派ワンコ
3,小籔千豊がブラジャー×へそ出しで踊る動画に中毒性「何してんの」「意外と太ってる」 元ネタは韓国美女
3,YouTubeランキング「音楽動画4月号」【ガジェット通信】
3,ペット市場にもIoTの波！スマホアプリでペットの出入りをコントロールできるスマートドア登場
3,2017年4月14日のヘッドラインニュース
3,【いいね！】「ペット育児休暇」を設ける海外の会社が素敵！と話題に
3,Suicaペンギンが電車の中から「行ってきます」 たまらなくかわいい定期入れ発見！
3,高所恐怖症の人は100%無理だこれ 米国の高層マンションにある屋上プールが地上丸見えでヤバい
3,マクロバーが本物のタイプライターみたい♪ レトロ可愛いBluetoothキーボード『Penna』
4,NTTデータ、Tableauコンピテンシーセンターの設置を発表
4,国道で男女2人はねられ死亡、酒気帯び運転の疑いで男を逮捕
4,【FISCOソーシャルレポーター】個人投資家キムさん：地合い悪化でもIPO投資は有利か？
4,＜特集＞続・18年3月期、好調企業を先取り(4)=エムケー精工―増益コース有力、割り負け感も十分
4,＜特集＞続・18年3月期、好調企業を先取り(3)=IRJ HD―SRコンサルティング好調
4,＜特集＞続・18年3月期、好調企業を先取り(2)=アズジェント―自治体向けセキュリティー需要好調
4,＜新興国eye＞前週のインド株、北朝鮮やシリアでの地政学的リスク受け3週ぶり反落=BRICs市況
4,＜特集＞続・18年3月期、好調企業を先取り(1)=外部環境好転に備え、新興銘柄もマーク
4,東証続落 地政学リスクで警戒感
4,みずほ銀行ら、決済ウォレットアプリの提供に向け新会社設立
4,＜話題＞準天頂衛星「みちびき」の運用基数増加で、自動運転システムの普及に期待
4,17日の東京外国為替市場見通し=ドル・円、中国GDPと朝鮮半島情勢に注意
4,マーケット早耳情報=主な前場寄り前成り行き注文状況(2)みずほ、三井金属、三菱重工など
4,マーケット早耳情報=主な前場寄り前成り行き注文状況(1)トヨタ、三菱UFJ、東芝など
4,＜新興国eye＞前週の上海総合指数、北朝鮮めぐる地政学リスクや中国景気回復懸念で反落=BRICs市況
4,朴前大統領を起訴へ=選挙運動開始に合わせ捜査終結-韓国検察
4,【Interview】待ちに待った東京店がオープン!IoT体験型宿泊施設「&AND HOSTEL ASAKUSA NORTH店」を探る
4,「株主優待」プロ厳選！おすすめトップ30
4,部品メーカーが生き残る方法 「千客万来」の工場を作りなさい
4,【フィリピン】最先端プレハブを展開するフィリピン企業CEOが来日
5,家族でにぎわう平壌=音楽公演にミサイル映像-北朝鮮
5,北朝鮮ミサイル発射「失敗」への不安 「不安定な武力ほど危ないものはない」
5,セウォル引き揚げた中国企業、「割に合わない」と韓国政府に100億円追加請・・・韓国政府は難色=中国メディア
5,＜書評＞「信頼できる中国人」と「危ない中国人」を見極める方法は？―吉村章著『中国とビジネスをするための鉄則55』
5,自動車爆弾テロ、126人死亡=包囲脱出の住民ら-シリア
5,トヨタのマイクロバスは「神車」、24年ぶりモデルチェンジも「今後もその地位は安泰」=中国
5,運転免許試験でカーナビの操作も、17年12月から 英国
5,北朝鮮サイバー攻撃はミサイルよりも深刻？金融機関を狙い核開発か
5,米動物園でキリンが出産、100万人がネットで視聴
5,古代からの「日中大戦」の歴史を振り返ると、日本の本性が見えてくる=中国メディア
5,武力誇示？ 北朝鮮、ミサイル発射も直後に爆発か
5,北朝鮮のミサイル発射失敗、「米大統領は認識」国防長官
5,米副大統領は訪韓途上=北朝鮮のミサイル発射失敗
5,日本の投資家が2月にフランスの国債を大量売却していた
5,欧州紙が懸念する「朝鮮半島の危機」
5,北朝鮮団体ツアー、中国の旅行予約サイトから姿消す―中国メディア
5,お菓子で女児誘い込む駄菓子屋、無理矢理キスも
5,北朝鮮に「MOAB」は落ちない？ 米の強威力爆弾、かの国には不適なふたつの理由
5,中国国際航空の北京―平壌便、運行停止は「暫定的」―中国メディア
5,北朝鮮がミサイル発射も失敗か 韓国軍発表
6,聞きづらい財産の話はどう話す？ 30代で知らないと損をする「親の相続」問題点【知っている人だけトクする税金術 2017 第4回】
6,成績、勉強意欲の向上メリットも！ タブレット学習に反対の親はもう古い？【パパママの本音調査】  Vol.81
6,教育資金はおトクに贈与してもらう！ パパ・ママが「親のお金」をうまく生かす方法【知っている人だけトクする税金術 2017 第5回】
6,結婚式お呼ばれで大失敗！ ママになったら考えなきゃいけないマナー
6,夫と話し合いができない！ そのケンカにゴールありますか？
6,思わぬ一言がママ友の「嫉妬心」に火をつけた！ トラブル経験者に聞く処世術
6,「正直やりたくない」が本音 でも、PTA役員経験者だけが知るメリットがある？【パパママの本音調査】  Vol.82
6,スタイリストが伝授！失敗しない「クリーニング店」の見分け方&出すときに伝えるべきこと
6,6300円のはずか「63万円」...間違って振り込まれたバイト代、もらっても大丈夫？
6,有料駐輪場で自転車のロックが他人に外され、「放置自転車」扱いに...法的問題は？
6,若く見られたい女性が大多数 一方で「若作りは痛い」の声も
6,そう言うなら仕方ないな...可愛すぎる「一緒に暮らそッ」の言い方3つ
6,諏訪原健「『SEALDsは就職できない』はデマです」
6,ハノイでお気に入りの洋服を選ぶなら★女子必見☆
6,参考にしたい！デキる・差がつく社会人の休日の過ごし方3選
6,【ジルスチュアート】もぎたて苺のルージュ3タイプ！あなたの好みはどれ？
6,少し趣向を変えて、スーパーで買えるおすすめのお米
6,-イースターバニーは裁判官だった！？子供達がお庭で卵を探す理由とは？-
6,【パズドラ】「転生の間」実装！各属性のオススメ転生モンスターと使い方も紹介！
6,世界でひとつ。自分でじっくり組み立てる、スウェーデン発のDIY腕時計
7,パソコンに取り込んだ写真が勝手に転送されてきます!? - いまさら聞けないiPhoneのなぜ
7,【格安スマホまとめ】ZenFoneにAR/VR対応機など登場！ 激増のZenFone 3シリーズを整理
7,アップル、iPad(第4世代)の修理交換はAir 2にアップグレード対応へ。AppleCare有効ならお得だけど...？
7,水深300メートルまで対応した高解像度な360度カメラ「Boxfish 360」はパナソニックのセンサーを使用
7,3D Touch対応iPhoneの『マップ』で半日先の天気予報をチェックする
7,回数を重ねるほど狂っていく Google翻訳で「えぐ」を英訳すると奇妙な世界に迷い込むと話題に
7,【無料】あの有名人オススメのマンガが読める！
7,サイバー攻撃の傾向、2017年第1四半期で大きく変動
7,Apple、端末交換が必要な第4世代iPadをiPad Air 2に交換
7,サウンドにこだわり過ぎてるスマホ「GRANBEAT」がとってもよろしい
7,Windows 10でもNetflixのオフライン視聴ができるようになった
7,格安スマホへの「苦情」にツッコミ 「実店舗ない」に「だから安いんだろ」
7,摩訶不思議！どんどん色が変化する「カメレオン」おもちゃ
7,折り紙マスターの味方はブロックチェーン、折り図の著作権を保護へ
7,最新VRを体感！新宿に『VR ZONE Shinjuku』が期間限定オープン
7,iPhone版もぜひ！ブラック企業を撲滅するアプリ『ブラゼロ』リリース
7,PHP 7.1/7.0 最新版登場 - バグ修正リリース
7,【使ってみた】Googleの「WebVR」がGoogleCardboardにも対応、Webブラウザ上で簡易VR体験できる
7,津田大介「ニュースの選別を外部委託し『表現の自由』に配慮」
7,SNSやネット上のいじめを早期発見できる無料アプリ『SWAG for Personal』
8,セブンに組み合わせを楽しむ『ビュッフェごはん』シリーズ！ふんわり卵でとじた「ミニ親子丼」など
8,【小麦粉&バター不要】濃厚「チョコロールケーキ」が美味しさMAX★
8,「有頂天家族カフェ」4月22日オープン オリジナルメニューや先行グッズが多数登場
8,春の休日散歩♡モアハピ部いちさんとお食事に行ってきました！♡
8,「豆腐」でここまでできる！ヘルシーなのに美味しいスイーツレシピまとめ
8,もちもちの生地の中にぷりぷりのイカが美味いっ!!︎手軽に食べられる【IKAYAKI STAND】って知ってる？
8,【爽やかな味わい】「市販の皮+ヨーグルト」でパリパリおつまみを作ろう！
8,モスの豆乳スイーツに「レアチーズ風 グレープフルーツ&ブラッドオレンジソース」--小麦粉や白砂糖は不使用
8,日本最大級の芝桜を見たあと、立ち寄りたいスポット4選
8,持ち帰りできる！イルサンジェーのカップアイス
8,ペンシルベニア東部の懐かしの味、Tasty Kake(テイスティケーキ)【アメリカ】
8,朝日を浴びて優雅にパンケーキ！テラス席が素敵な東京パンケーキ店5選
8,24人のケーキ職人が1カ月かけて作り5000万円!?インドネシアのウェディングケーキが凄い
8,「ニース風サラダ」も簡単に！5分10分で作れる野菜料理を集めた保存版のレシピ集
8,富山へ初出店！滋賀県民の“ソウルフード”「ちゃんぽん亭総本家」
8,GW&母の日に！家族で楽しむかっぱ寿司のちらし寿司
8,ピンク色のいちご伊達巻！「季節の伊達巻 あまおう」--福岡産あまおうピューレ使用
8,春らしいかわいいパンがローソンからランクイン！：今週のコンビニパンランキング
8,★お洒落な街『自由が丘』のオススメお洒落カフェ！
8,ミスドが人気ラーメン店「ソラノイロ」とコラボ☆ 色鮮やかでヘルシーな「ベジ涼風麺」を発売するよ〜 / 麺・スープ・トッピングに野菜を使用！
1,RIP SLYME、イベント出演キャンセル SUの“不倫疑惑報道”を鑑みて
1,【オセロニア】オーディン、クイル・クエン、テンジョウなど！本日(4/17)の駒交換追加キャラはコレだ！
1,大友花恋、永野芽郁、横田真悠の3ショットが眩しすぎる
1,大人アイドルpredia、ツアー初日で見せた新たな一面
1,【ビッくらぼんの365日・芸人日記(340)】全国ツアーが決定！！ 孤高のピン芸人、もう中学生
1,久々大江麻理子アナに三村メロメロ、狩野アナ明かす
1,第7回北京国際映画祭が開幕、リン・チーリン、チャオ・リーインら人気女優が美を競う―中国
1,永井荷風の優雅な朝食を再現
1,上坂すみれニューシングルに内田真礼コラボ曲、ワンマンライブ2本完全収録のライブBDと同時発売
1,有村架純、かわいすぎる“素”の関西弁
1,ローズ・オブ・ブラック、来日公演決定
1,ジャネット・ジャクソンの別居中の夫、ジャネットへ公開ラブレター
1,鈴木伸之、ブログで仲里依紗と“夫婦”2ショット公開
1,滝沢カレン、日テレ生放送でコナンを「見ないです」
1,『小さな巨人』、香川照之の“裏切り顔”に反響 「顔芸演技が炸裂」
1,【ストーリ型シングル育成RPG】「魔女の泉」シリーズ最新作『魔女の泉3』を2017年10月にリリース予定！
1,Little Glee Monster・麻珠、無期限でリトグリの活動休止を発表
1,5月初旬まで花見が楽しめる！静岡・伊東市「さくらの里」
1,「貴族探偵」水戸黄門にヒント 麻耶雄嵩氏が相葉雅紀との対談で明かす
1,志望者殺到！これを読まずに声優を目指すな！ 2017年声優総選挙5位・関智一が教える声優業界のホントの事情
2,絶好調・鯉打線、小休止 好機に主軸が凡退で、好投・九里を援護できず
2,レスターに解任されたラニエリ、来季もプレミアで指揮？ ワトフォードが関心か
2,原口決めた！ 魂の決勝打で広島にカード勝ち越し
2,高山、プロ初2番で存在感 マルチ安打&決勝点につながる二盗
2,マリナーズ・岩隈、3回6失点の乱調も...打線奮起で負け消える
2,岩隈3回6失点 3度目登板も今季初白星ならず マ軍は逆転サヨナラ勝ち
2,谷原39位、池田69位=米男子ゴルフ
2,ミラノ・ダービーはドロー、ユーヴェは2位との差広げる／セリエA第32節
2,岩隈久志、3回6失点炎上も勝敗つかず マ軍は逆転サヨナラで3連勝
2,マスチェに安すぎるオファー
2,苦しむイチロー、9打席快音無し...今季12打席で6三振
2,バルサ、ミランで評価高めたスペイン代表FWを”買い戻し”へ。クラブ幹部が明言
2,イチロー、走者送れず=米大リーグ
2,中田浩二氏 小笠原&曽ヶ端へ「いつか3人で強い鹿島をつくっていきたい」
2,【田淵幸一 視点】パットンが新守護神...早めの配置転換は山崎康にもプラス
2,輝け、新潟の星!高卒ルーキー原輝綺が記念すべきプロ初ゴール(4枚)
2,新潟が待ちに待った今季初勝利、J1通算150勝も達成!甲府は4戦ぶり黒星(16枚)
2,レアルとバルサが勝利、暫定3差で次節クラシコへ／リーガ第32節
2,ドルトムント爆破事件、「あと1秒」で大惨事 「重傷者と死者を出していた可能性も...」
2,悲劇の飛行機墜落から5ヶ月...シャペコエンセがピッチ上で”初タイトル”獲得
3,「ヤベェ、殺られる」 背筋がゾッとする電光掲示板
3,「もっと撫でて欲しいワン♪」色んな方法でアピールするワンコたち
3,【仕事早すぎ】「ユナイテッド航空引きずり下ろし事件」がレゴ化！クオリティ高いと話題に
3,【レポート】大きな販売数は期待できない中、ペット達との安全なカーライフを提供する自動車メーカーの想いが伝わる：大音安弘
3,【レポート】大きな販売数は期待できない中、ペット達との安全なカーライフを提供する自動車メーカーの想いが伝わる：大音安弘
3,赤ちゃんのお尻から変な音がしたので、クンクンしてみた → ワンコの正直すぎる反応がヤバい(笑)
3,大使館に侵入して捕まったのは...ハリネズミ！ 取り調べで噛み付くなど反抗的な態度が見られたものの、証拠不十分で釈放されたもよう
3,黒柳徹子“相棒”AIBOのグレーちゃんに笑顔
3,【恐怖！】魔の2歳児が黒魔術をし始めた！イヤイヤ期に別の意味で親を困らせた結果。
3,ワンコは人間の赤ちゃんを守ろうとする！?
3,運転も値段も実車並。約273万円かけて自作したVRレーシング用シミュレーター
3,【ウラ技】日本の一般家庭でも「ヒョウ」が飼えます / 場合によってはサーバルキャットも
3,春の神社で招き猫と狐とツキノワグマ......的な猫
3,それはちょっと危険なんじゃないの？と言いたくなっちゃう状況の写真その15 26枚
3,全部私が面倒見ますから！血のつながりのない子も含め14匹の子猫たちをたった1匹で世話をするメス猫(アメリカ)
3,猫が自分の水皿の中におもちゃを入れたがるのはなぜ？
3,【ちょこん♡】ふわふわ抜け毛を頭に乗せた、換毛期のウサギの「可愛すぎる姿」が話題に...♡ 4枚
3,くるみが食べたい...「ジップロックの容器」のフタを自力で開ける賢いリスがかわいい！
3,『ねこ休み展』が静岡と滋賀に初上陸
3,おウチに入れて... 表情豊かに訴えるネコちゃん
4,【Interview】待ちに待った東京店がオープン!IoT体験型宿泊施設「&AND HOSTEL ASAKUSA NORTH店」を探る
4,「株主優待」プロ厳選！おすすめトップ30
4,部品メーカーが生き残る方法 「千客万来」の工場を作りなさい
4,【フィリピン】最先端プレハブを展開するフィリピン企業CEOが来日
4,佐川理財局長の答弁を完全に崩壊させる新資料が発覚！
4,JR西日本、ネット予約でも現金支払い可能に 5月16日から
4,【動画】大雨・強風による交通機関への影響予測(4/17 8時更新)
4,17日の債券市場見通し=リスクオフ継続で強含み、長期金利ゼロ%割れの可能性も
4,ミズノの作業用シューズが、実は売れている
4,大韓航空、青森〜ソウル/仁川線の機材を大型化 6月30日まで
4,履いたまま泳げるサロモンのSWIMRUN用シューズ『S/LAB XA AMPHIB』
4,17日の東京株式市場見通し=地政学リスクの高まりから模様眺めムードか
4,戻りを試す動きになっても上値は重そう
4,住宅ローンで審査落ち 大手銀行でダメなら「信金」
4,本当に景気は拡大しているの？ アベノミクス景気が戦後3番目の長さ
4,「ビットコインとは対照的」 R3CEVが目指すブロックチェーンの未来
4,今日~明日は春の嵐、関東は明朝の通勤に影響も
4,"ANAとJCB、「ANA JCBプリペイドカード」を発行 3,000円チャージで1,000円還元のキャンペーン開催"
4,住民が任命した「ネコ駅長」が、過疎高齢化の救世主？
4,亀井静香氏「米中露のよこしま要求受けながら国益守る覚悟」
5,日本のどこが「資源が乏しい国」なのか！ メタンハイドレート商業化へラストスパート=中国
5,北朝鮮「弾道ミサイル発射するも失敗」韓国メディア速報で伝える=「斬首作戦開始か」「米軍が怖くて、わざと失敗したんじゃないのか」―韓国ネット
5,【北ミサイル】防衛省幹部「日本に向けて飛来する飛翔体は確認されていない」
5,日本製の包丁とドイツ製のナイフ、どちらも名高いがどちらが良い？ =中国報道
5,世界最高齢、117歳女性死去=最後の1800年代生まれ-伊
5,今度は極右が犯行声明=選手バス爆発で3件目-ドイツ
5,国の将来を危ぶむ韓国主要紙、「米中に捨てられる」「北東アジアの患者に」、次期大統領選の有力候補に外交・安保政策で対応求める
5,北朝鮮、ミサイル発射に失敗 米韓国防当局
5,北朝鮮、弾道ミサイル発射に失敗=「4~5秒」で爆発か-米副大統領訪韓直前
5,北朝鮮が東部の新浦付近からミサイル発射も失敗か
5,南極大陸の「氷山に擬態したUFO船」がグーグルアースで発見される！ 地底世界住民の乗り物か!?
5,包囲から逃れた人たち乗せたバスに自爆攻撃、112人死亡 シリア
5,北朝鮮の軍事パレードに新型ICBM登場か
5,日本の上陸作戦部隊は「敵ではない」と中国メディア、「人員・規模・訓練も不足」「装備の数と性能に差」
5,日本の野党はまるで北朝鮮の“工作員”。与党もだらしない
5,トランプ氏孫娘が習主席に中国民謡披露 選曲巡り憶測も
5,安倍首相が外交の素人・トランプ大統領を頼る危険性と愚かさ
5,現今の朝鮮半島情勢をどう見極めるか
5,なぜ金正恩は危険を顧みずパレードに姿を現したのか
5,水質汚染改善進まぬ広東省、広州では生活排水1日47万トン垂れ流し―中国
6,雨の日も笑顔で過ごそう♪大輪の花に包まれるフラワー・アンブレラが素敵
6,山本大臣の失言  学芸員disもだが「インバウンド」も問題だ
6,自然いっぱい！ローマのサンクチュアリ(聖地)、ディヴィーノ・アモーレ。その2
6,毒毒毒毒毒毒毒毒毒展・痛(もうどく展2)
6,黒ずみやニキビ......気になる「お尻」の肌ケア方法教えます！
6,自動車保険を賢く使う！ 基本補償と特約の“チェックポイント”とは
6,【オセロニア】6000ダメージも可能！「[死を予見する泣き声]バンシー」の強さを徹底解説！
6,台形スカートを大人っぽく格上げ♡ 今年絶対買いのカジュアルアイテム
6,年収300万円男はプライドを捨て、女性の収入に頼るべき!?
6,こいつすげぇ！「出世するな」と思った男性新入社員の行動
6,ZARA&GU...LBDをプチプラアイテムでアップデート
6,ダサ私服の彼を8000円で改造！ディナーもこれでOK【バイヤーMB】
6,既読スルーする男心って？脈アリ・ナシ、それぞれのホンネ
6,恥をかかない、誤解されないための「ビジネス敬語30」
6,昭恵夫人も読んでほしい 籠池劇場「大物・小物」の論語的見極め術
6,自分のキャラを生かせば結果はついてくる
6,東芝が巨額の損失を負う事態に陥った2つの背景
6,豆柴の成犬の大きさや体重について
6,ハンガーに掛けたまましわ取り完了！デキる女の必需品
6,愛犬がガンで逝った...いつか来るペットの死にどう向き合うか
7,世界初！光と酸素を用いて作られたアディダスの高性能シューズ『Futurecraft 4D』
7,〝東大発、世界行き〟は課題解決にまっしぐらな未来探求から生まれる
7,火星に移住できるまで、あと33年~気になる予算は「マンション購入」程度？
7,「精子ロボット」が薬をはこんで、生殖器官のがん細胞を治療しにいきます
7,お金を貯めるワン！硬貨を置くと子犬がスルッとしまっちゃう貯金箱「おへんじBANK こいぬ」発売決定
7,iPhone基本の「き」 (244) ビジネスで使うなら覚えておきたいiPhoneの作法と小技(後編)
7,「アプリ起動も不要の簡単決済」Appleとサムスンを追うAndroid Pay
7,ミサイル飛来情報を通知する「Jアラート」とは？iPhone 8の図面が流出！など今週の話題を一気読みッ
7,池澤あやかの自由研究：人はスクロールで42.195km完走できるのか!?
7,Wantedly仲 暁子CEO「Mac Proを買って本気で漫画家を目指していた」
7,360度全方位に音を流す!円筒のBluetoothスピーカー2種、BOSEが発売
7,サムスンGalaxy S8の音声アシスタント「Bixby」が大不評の理由
7,iPhoneの充電中、Touch IDが指紋を認識しない問題の解決方法
7,マウス型メカがなんだかキュート♪ 立体迷路アクションアプリ『MouseBot』
7,2016年世界全体のVR／ARヘッドセットは出荷台数1010万台。
7,スポーツ向けウェアラブルセンサー「CALM.」登場 心肺の動きを監視し過剰な負荷を警告
7,「ボトックス」のうつ病治療効果は本物か メーカーが最終段階の臨床試験へ
7,【無料】ストレスを軽減！「保活」アプリの決定版
7,世界初のエコバンプ？ この「減速バンプ」がエコな理由
7,古いソフトバンクのiPhoneを活用できる画期的な格安SIM「U-mobile S」
8,川崎麻世が博多の居酒屋で意気投合、居合わせた客と寿司へ
8,GW期間限定！こいのぼりや動物のケーキでこどもの日をお祝い
8,万能！肉ネギ味噌【つくりおきレシピ#7】
8,【5分でできるおつまみレシピ】ヒラヤーチー
8,お手本的な出来栄えを確認したくて、冷食のピーマン肉詰めを【作ってみた】
8,【アレンジレシピ】キッシュもピザもラザニアも！ 餃子の皮で作れるメニュー3選
8,自家製ビールで最高の休日を。スマホと連携する醸造セット『Pico C』
8,高級チョコレートブランド初のコンセプトショップ『チョコレートハウスモンロワール umie モザイク店』が兵庫県・神戸市にオープン！
8,国内最大級の“馬のテーマパーク”！ 北海道・苫小牧市『ノーザンホースパーク』夏期営業スタート
8,大人気ビュッフェが旬の顔に♪ ホテルニューオータニ大阪「スイーツ&サンドウィッチビュッフェ ~メロン&チェリー~」に熱視線！
8,シンプルに節約♪「豚バラのもやし炒め」の味付けバリエ5選
8,ペヤングの味わいをご飯にかけるだけで味わえる「ペヤングソースやきそば味ふりかけ」を食べてみた
8,おジャ魔女どれみ×ヴィレヴァンカフェ！どれみやおんぷの可愛いメニューがたくさん♪
8,下処理不要！タケノコの水煮を徹底的に楽しむレシピ
8,【あふれる柑橘系スイーツ♪】ローソン「甘夏のヴェリーヌ」新発売
8,ベリー好き注目！KKDに甘酸っぱい3つの“ベリードーナツ”--ペーストや果汁入りの生地が贅沢
8,切って並べるだけ！ 簡単なのに可愛い【水玉ちらし寿司】がインスタで話題！
8,シブヤの日はスーパープレミアムフライデー！渋谷の街全体でイベント、キャンペーンを開催！
8,【時短調理】お弁当にもぴったり！5分でできるたけのこの副菜5選
8,丸亀港に佇むバー 「バーテンダーが酒を学びに来る」名店
1,チンドン全国大会に53組集結=富山市〔地域〕
1,今、日本で最もヤバいコンテンツは昼ドラ『やすらぎの郷』だ
1,鈴木奈々と菊地亜美が不仲説を否定「お互い高め合ってる」
1,乃木坂46“次世代エース”与田祐希、バナナマン日村に屈辱を味あわせる!?
1,高橋優のツアーがファイナル!
1,「アメリカと北でやっとけ」  海老蔵ブログがネットで波紋
1,EXO・カイ主演ドラマ『春が来た』キャストに倉科カナ、古畑星夏ほか
1,2人の木村カエラが踊る「HOLIDAYS」MV公開
1,厚切りジェイソンが気になる「ニホン」と「ニッポン」の差を紹介
1,池袋パルコに気鋭デザイナー自ら作るショップ「MEI-TEN」がオープン。アキコアオキやケイスケヨシダなど
1,【芸能】倉木麻衣 「Mステ」十二単歌唱の裏側
1,これは見逃せないぞ！太鼓芸能集団・鼓童と初音ミクの初共演ライブがNHKで放送決定
1,アンジャにフット、“コンビ不仲説”の真相！
1,【FFRK】FF IIの英雄が仲間になるイベント「託されし想いの炎」を開催！スコットがついに登場！
1,チュート徳井「これが幸せ」きゃりーと同じ店でウィッグ購入しクレープ食べる
1,森脇健児“年収1億円”から転落...タモリ、鶴瓶をブチギレさせた過去激白
1,高橋真麻、大衆面前で「ブルンブルン」男にドン引き
1,金持ちなのにマレーシア移住のGACKTは“海外初心者”!? 移住時期に重なる「疑惑の数々」との関係は......
1,Nissy(西島隆弘) 「ドキドキする」と話題のWebムービー完結篇が公開
1,椎名林檎×トータス松本、デュエット実現。4/28『Mステ』でTV初披露
2,カブス・上原、連続無失点がストップ...まさかの3失点で敗戦投手に
2,巨人・阿部 2000安打へ中日・荒木と切磋琢磨「3年かけて打つよって...」
2,ピッチ上に18歳が3人も！ 躍動する湘南の10代たちが描く熾烈なライバル模様
2,楽天サヨナラで初10勝一番乗り！投も打も終盤強い
2,アグーの異名西武山川が逆風弾「デージーうれしい」
2,巨人阿部沈黙から7回V打、好機なら脅威の勝負強さ
2,阪神金本監督が執念星！糸原1番&左5人&猛抗議
2,新ラミレス方程式ズバリ！7回山崎康、9回パットン
2,15年夏甲子園は警備考慮し宿舎変更／清宮の影響力
2,早実・清宮に異例舞台！春都大会決勝は神宮ナイター
2,大宮大前、ブーイングにもサラリ「気にしなかった」
2,磐田名波監督「幸せだな」後半44分から逆転に感激
2,G大阪倉田「無我夢中」大阪ダービー両チームで得点
2,ハリル監督、6・13イラク戦の会場変更要求へ
2,鹿島曽ケ端&小笠原500試合出場、奇跡の日に快勝
2,東京、味スタで浦和に勝てない リーグ戦未勝利11
2,浦和興梠弾で首位 手押し相撲でも負けない体幹発揮
2,上田竜也が笑顔誓う 後輩に怖がられていたと実感
2,鵜久森、坂口、大松、榎本...「ヤクルト再生工場」は今もフル稼働中
2,ヒントは五輪リレー。日本サッカーに必要な「個の力」を福田正博が考察
3,【再生回数1600万回以上】おくるみから出ると、絶対にバンザイしちゃう赤ちゃんがかわいすぎる！
3,サルに負けた小学生N君のことを『キングコング』を見て思い出した
3,珍獣『ドラム缶熊が出現』 アンラッキーな子熊のハラハラ救出劇
3,【今日のわんこ】ずっしり！ サクラちゃんが飼い主さんの上に乗っかってる理由って？
3,【最高に元気な新入りがやって来た♡】その時、先輩ワンコがとった対応に... 笑顔になる(o ́∪`o)
3,台所をおしゃれに♪白ネコ&黒ネコをデザインしたキッチンスポンジのセット
3,【マジ泣ける】ワンちゃん、溺れた飼い主を小さな体で体を張って救助！泣けてくる！
3,ヤマアラシの恐ろしさを知らずに襲いかかった豹、奴らに手を出してはいけないことを学ぶ
3,【赤ちゃん爆睡】走行中の車内を再現！「フォード製のベビーベッド」がマジ画期的!!
3,シャーデー。その名を最初に聞いたのは「スムース・オペレーター」の彼女だった #TBT
3,【眠たいニャンコと遊びたいインコ】...あの手この手で『アソボーよ♡』と誘ってみた(∩ ́∀`)∩
3,深夜の動物病院から、何の迷いもなく抜け出す賢い犬
3,驚愕のいいね10万超え。「インドのおっさんが売ってくれたもの」
3,母猫と子猫の寝姿があまりにもかわいかったのでコラ職人がんばる
3,野球のDeNA-阪神戦、緊迫の場面にニャンと助っ人が乱入 同じネコ科のタイガースにエールを送る
3,兄猫「妹をいじめるニャ！」獣医から救い出す(動画)
3,猫に錯視の絵を見せた結果、、！
3,思わず笑ってしまう!!柴犬マリちゃんとご主人の名作コント『新入りと親方』
3,JAF、災害時の対応方法をまとめた特設ページに「ペットの防災」を追加
3,とにかくごはんがほしいニャアッ！ お手手をあわせてごはんをおねだりしまくるネコがカワイイ
4,呑んべぇ天国の日本で飲み放題禁止、酒類広告規制の動きも
4,良質素材を使いサビに強く耐久性ある国産トタンバケツが人気
4,企業の提案書作成をサポートする『グッドプロポーザル』
4,ドコモ39worksとパートナー企業の取り組みが面白い！爆速のIoT／ハードウェア開発に迫る
4,「日本三大車窓」JR姨捨駅の記念入場券、台紙リニューアル 「四季島」デビューにあわせ
4,スバルが北米向け3列シートSUV『ASCENT』のコンセプトカーを公開
4,期待が高まる「家庭用蓄電池」の将来性と活用法
4,水流寸断、水田壊滅も...避難所から通い育てたカライモ再生の実り
4,IPOの期待高まる25億ドル企業、「クアルトリクス」CEOの戦略
4,古賀茂明「アップル、鴻海参入と危機煽り、東芝メモリを殺す日の丸連合」
4,地方は消滅しない――岐阜県長良川鉄道の場合
4,ソニー、期間限定ショップ「Life Space Collection」オープン - Life Space UX製品とインテリアを体験
4,17日の天気 西から春の嵐
4,厚労省発表最新待機児童数は世田谷、那覇、市川...
4,高齢者一人の介護に546万1000円。“介護破産”しないために知っておきたいこと
4,"セブパシフィック航空、日本線全路線でセール 片道6,500円から"
4,LEXUSがニューヨークオートショーでフラッグシップセダン『LS500 F SPORT』を公開
4,ホンダが690mmの低シート高で扱いやすいサイズの新型クルーザー『レブル』を発売
4,ヤマトを苦しめる“当日配送”にアマゾンがこだわる「本当の理由」
4,“まとめサイト”の著作権法違反は終わらない？ ホリエモン&ひろゆきが指摘する「WELQ問題」の本質
5,水質汚染改善進まぬ広東省、広州では生活排水1日47万トン垂れ流し―中国
5,日本企業は中国人従業員を求めている、ただし...―華字メディア
5,自動車爆弾で43人死亡か=シリア
5,人道支援要員60人退避=危機懸念強まる-南スーダン
5,韓国で犬を崇拝する宗教団体が「悪霊がついた」と3歳児を暴行し死亡させる=「こんなこと犬も望んでいない」―韓国ネット
5,今度は極右が犯行声明=選手バス爆発で3件目-ドイツ
5,借金返せず裸の写真公開...「裸ローン」苦に女子大生が自殺―中国
5,中国人が命知らずの花見、線路に立ち入り高速鉄道止める―北京市
5,解任説の秘密警察トップ健在=正恩氏妹もパレード出席-北朝鮮
5,強制結婚拒み逃げたサウジ女性、家族にみつかり強制移送か
5,同じ柿なのに...100種類以上の関連商品を生み出す日本人、売れずに困る中国人―中国ネット
5,日本人は制服好きなんだなぁ！ 安心感か一体感、それとも帰属感のため？ =中国報道
5,日本人が北朝鮮に行くとき在中国北朝鮮大使館員から渡されるパスポート代わりのツーリストカード
5,朝鮮半島危機、中国にはチャンス？打開の道筋つければ地域でリーダーシップ確立、対米関係では正念場にも
5,Facebookの人種差別記事に「いいね！」ポチポチ 批判者を増やした疑いで男性訴えられる(スイス)
5,イラン北西部で洪水、35人死亡
5,ごみの山崩れ19人死亡=スリランカ
5,バス運転手が乱暴な乗客を引きずり下ろして激しく暴行 動画も流出！(英)
5,豪雨で洪水、35人死亡=イラン
5,化学兵器疑惑、死者88人に=シリア
6,「改造B-CASカード」を検証。本当に全部タダで映るの？ 不正視聴の代償は？
6,「フラれるとわかっていてもコンビニ店員に告白したい」男性41歳へ驚きのアドバイスが...
6,1分で完了♡お疲れ顔も簡単マッサージで血色UP！
6,保険も適用される！更年期障害に有効な漢方薬3選
6,「正直やりたくない」が本音 でも、PTA役員経験者だけが知るメリットがある？【パパママの本音調査】  Vol.82
6,grenのアクセサリー
6,＜相場の見方、歩き方＞地政学的リスクの陰に潜むチャンス、好業績銘柄評価の流れは健在(2)
6,SPUR6月号の付録は、占い本としても使える「DIOR タロットノートブック」！
6,海を越えてスニーカーをGET！Foot Lockerのサプライズ企画『Pick Up Trips』
6,セルジオ ロッシがギンザ シックスに新コンセプトストアをオープン
6,【納豆論争】食べ物じゃない！？ニコニコニュースユーザーの意見をまとめてみた
6,春のお遍路に人気のエリアランキングTOP10
6,国民の2割！本気で自殺を考えたことがある人の特徴を調査すると...
6,語学を勉強中の方必携！上下にメモや訳が書き込める「ランゲージ・ノート」が秀逸☆
6,港街・函館に築85年の旧銀行をリノベしたホテルがオープン
6,【今日のコーデ／土屋巴瑞季】ブラウン×ブルーで鮮度を上げて、先輩とランチミーティングの月曜日！
6,大ばくち!? 2位率直に言う...「女が男に仕向けるプロポーズ」1位は
6,既婚女子の半数がそこで...!? 「運命の出会い」に直結する場が明らかに
6,コンビニランチ族、野菜摂取を意識していても実態は全然摂れてない問題
6,もし海外出張で同僚と同じ部屋に泊まれと言われたら？
7,サンコーが360度全方向を撮影できるルームミラー型ドライブレコーダーを発売
7,あのフランク ミュラーの手にかかるとiPhoneケースもこうなる『FRANCK MULLER JACKET –for iPhone6/6S/7-』
7,世界190か国、9380万人が観たい時に観たい番組を届けるNetflixの底力
7,【今日の無料アプリ】240円→無料♪「メモ：クイックノート、レコーダー、メモ帳、PDF」他、2本を紹介！
7,ASUSがTangoとDaydreamに対応した世界初のSIMフリースマートフォン『ZenFone AR』を夏に発売
7,Microsoft TranslatorとSkype翻訳で日本語のリアルタイム翻訳が可能に
7,【SXSW2017】日本企業のブースで最も注目を集めた「8K:VR」とは
7,携帯電話使用で脳腫瘍リスク増大、研究結果が公開...子供の脳、深部に電磁波が影響
7,ビックカメラで売れている小型●●、現実的にほぼ使用不可能なのになぜ販売？
7,19日は夜空を見よう！直径650メートルの小惑星が大接近 彗星も来る！
7,3面強化ガラスパネルを採用した水冷のための大型PCケースが展示中
7,TLC NAND採用のエントリー向け「A400 SSD」シリーズがKingstonから登場
7,RGB LEDファン付属のRyzenマザー「X370GT7」がBIOSTARから
7,ウサギ忍者アクション『Overgrowth』のBeta 3が配信！―新機能紹介映像も
7,外排気タイプVGAクーラーのGTX 1080 TiがASUSから発売
7,Appleへの依存度が高い企業ランキング
7,薄くて軽いiPhone用バッテリーケース「FITCAZE」出資募集中！
7,インテリアショップ「Francfranc」が「VRシステム」を導入
7,ASRockがRyzenマザーのイベントでMini-ITXの発売を示唆
7,今週の人気記事|デザイン賞を受賞したiPhoneケース「Palmo」や、Appleからリリースされた動画アプリなど
8,「コッペパン」のブーム到来 昔の給食とはレベルが違う
8,ファンも知らない？ 元スタバ店員が教える無料カスタマイズ【中・上級編】
8,大ヒット商品のトースターと同じ遠赤グラファイトを搭載した『アラジン グラファイト グリラー』の実力検証
8,【5分でできるおつまみレシピ】エビのココナッツミルク炒め
8,使う食材は1つだけ！味がきまる「塩昆布和え常備菜」5選
8,京都・辻利がついに東京初出店！限定の「辻利ソフト 濃い茶」は“宇治抹茶2倍”で超濃厚
8,イオンで『ユーリ!!! on ICE』のクリアファイルプレゼント企画がはじまるぞ！マルちゃんが対象商品
8,ボリュームも満点！行列必至の人気中華料理店！「魏飯夷堂」@三条会商店街の巻っす
8,凍らせてもやわらか？白桃やマンゴーの「果実の入ったシャーベットデザート」--常温で保管できる！
8,表参道にトーストサンド専門店誕生！ 人気イタリアンが伝説の味復刻
8,2人前超のメガ盛りメニューが300種！ 大食いマニアの聖地「ごはんや元気」【京都】
8,カフェコムサに“こどもの日&母の日”ケーキ！凛々しい兜や華やかなローズを表現
8,讃岐うどん・観音寺中心部
8,今年も始まった！超神ネイガーの「田ウェーイwww」始動
8,サントリー「こくしぼり」に「キウイ」フレーバー登場
8,メルシャンが2016年のブドウ品種「甲州」を使用したワイン3種の新ヴィンテージを発売
8,ボリュームも満点！川端二条の昔ながらのそば屋さん「そば処 志な乃」
8,【食欲無限大！】スパイシーな「カレー焼きうどん」に箸がとまらない♪
8,ピザ4枚分！パーティで大人気間違いなし！ピザケーキ♪
8,“タピオカミルクティー”の「春水堂」が兵庫にオープン--限定の柚子抹茶ドリンクも！
1,光浦靖子、よゐこ有野の娘の入園式になぜか出席 「2人は夫婦」とざわつく
1,「くりぃむナントカ」4年ぶり復活!大木アナも
1,波瑠「あの腰のツイストほんとにひどい」 大苦戦したCMの舞台裏
1,篠崎愛、Chelsy、南波志帆を新宿LOFTが「バッテキ！」
1,＜1年前のワイドショー＞前夜の熊本地震 朝ワイドいち早く現地速報！夜が明け生々しい映像！
1,＜NEO決戦バラエティ キングちゃん＞(テレビ東京) 3カ月ぶりの復活第1回！「ジュとえ」とは一体...!?千原ジュニアが後輩芸人に遊ばれてヒドイ目に!!
1,指原莉乃「HKT関東ツアー終了しました~！」 ファンから「お疲れ」メッセージ殺到
1,『SUPERGIRL』シーズン2にあの人がカムバック！
1,YOSHIKI、念願の3大殿堂制覇で決意新た「相変わらず無謀な生き方を」- その裏にある恐怖も告白
1,りゅうちぇる“ちぇるちぇるランド”映像公開
1,ウイスキーの魅力伝える5人のセレブたち 宣伝の「新たな形」示す
1,セクシーとエロの狭間で。“ワイスピ”最新作の冒頭シーンのセンスの良さ
1,長谷川博己「小さな巨人」13・7%好スタート
1,柴咲コウ主演NHK「直虎」寿桂尼と対峙14・4%
1,NHK朝ドラ「ひよっこ」すずふり亭訪問19・3%
1,NHK朝ドラ「ひよっこ」母ちゃんが上京19・7%
1,松嶋菜々子フジ「女の勲章」第2夜は6・2%
1,亀と山P再始動「ボク、運命の人です。」12・0%
1,藤原竜也「リバース」謎だらけ初回は10・3%
1,「谷間が...」グラドル・園都の“入浴テロ”に釘付け
2,柴崎岳 得点絡むも勝利ならず
2,トッテナムのエース、3年連続”20ゴール”達成。プレミアリーグでわずか4人目の快挙
2,LiLiCo 10月までに減量 復興マラソン出場で意気込む
2,16日の日本選手=米大リーグ
2,イチロー、5戦連続空振り三振 チームはサヨナラ勝ちで3連勝
2,バイエルンはドローで2位と8差に...ケルンは痛恨連敗／ブンデス第29節
2,【コラム】ファンの強烈皮肉で迎えられた“チャイナ・ミラン”...再建の鍵はイタリア人コンビにあり
2,星槎国際湘南・本田 7回零封 阪神スカウト「楽しみ」
2,DeNAが5連勝！4月16日のファーム試合結果
2,マンU戦を欠場したチェルシー守護神、負傷の原因は”CM撮影”だった？
2,大谷翔平「全治4週間」の背景【二宮清純のスポーツコラム】
2,5年ぶり新潟復帰のDF矢野貴章が勝利呼び込むヘディング弾(4枚)
2,羽生結弦の最強ライバルに。17歳ネイサン・チェンが驚速で成長中！
2,イチロー代打で空振り三振&9打席連続無安打 マーリンズはサヨナラ勝ち
2,日本のセクシー女優と共演で騒動のブラジル代表、中国協会からも警告。「ポルノや賭博は犯罪」
2,イチローは代打で空振り三振もチームはサヨナラ勝ち
2,上原初黒星 開幕7戦目ついに失点 1死も取れず
2,物議 スアレスのラフプレー
2,V候補ソフトバンクがまさかの失速 原因の一つに「魔の初回」
2,岩隈久志、3回6失点炎上 今季初勝利ならず
3,「自分の髪色を誇れるように」いじめの標的になりやすい“赤毛”の美しさを撮影し続ける写真家
3,立派な「またお前か」のために。シベリアン・ハスキーの赤ちゃん、遠吠えの練習にいそしむ(音声注意)
3,「早く帰ってきて！」犬たちが飼い主を待つときの切ない表情いろいろ
3,ドライヤーの風を受けるゴールデン。堂々とした姿勢とたてがみが、ライオンの風格だった...(艸д゚*)
3,黒いのが掘れば白いのが埋める......2匹の魚が砂を吐き合うコントのような争い
3,ペットの名前ランキング 犬も猫も“男の子”のトップは「○○」！
3,縦列列島 北は吹雪、南は満開！今村涼子の「今天」
3,【作戦変更！】寝ぼすけな飼い主さんを前にしたハスキーのとった行動が『まさか』だった...(゚д゚)♡
3,これは完全に常習犯！ケージのワンコを脱出させる賢いシェパード
3,『Sacai』は大人が着るべきモード。その理由
3,愛犬・愛猫の名前ランキングで首位を奪回したのは「○○○」
3,「おねえちゃん、実は人魚なんでしょ？」3歳と15歳の少女が一緒に人魚ごっこをする姿にほっこり
3,浜松随一のパワースポット！？ 渭伊神社
3,「うーメン」に「ビーノレ」...とある「中華料理店のチラシ」の日本語が破壊力満載で笑えるw
3,「あとちょっとなのに！」テーブルのおやつが食べれないパグさん
3,木目調の皿に...！ 日常に潜む「クトゥルフ」がコワい
3,【サイア人】フィリピン外相の「ドラゴンボール感」が異常すぎると話題に！
3,我慢強いからこそ要注意！犬の痛みに気付いてあげる重要性
3,【体の大きさは関係ない♪】ビックリする程の体格差だけど... 上手に遊ぶワンコと子犬の姿に、ホッコリ♡
3,出産間近の妊婦さんがパートナーと情熱的なラテンダンスを踊りまくる！ 画面からあふれる愛と幸せオーラがハンパない
4,JRが発足した30年前は大学生だった
4,高校生ら8人雪崩事故 再発防止向け検証委が初会合
4,西・東日本、大雨警戒=全国的に暴風高波も-気象庁
4,人口ボーナス期突入 人口動態から考えるASEANの魅力
4,政務活動費で揺れた富山市議選 定数の半数が刷新
4,電子たばこ、電車内で喫煙や爆発事故など続出で社会問題化...なぜスタバは？吸える場所リスト
4,MRJが5度目の納入延期、ついに航空会社が「見限り」の動き...大量キャンセルで経営危機も
4,オンワード、売上減地獄突入の兆候...大量閉店と資産切り売り、リストラで多額損失
4,ツタヤ図書館、市が否定した利用者へのTポイント付与を実施...税金でCCCへの利益供与に該当か
4,"「てるみくらぶ破たん」が示した""薄利多売ビジネス""の限界"
4,3ヵ月で200万円儲かる！「1日で株価3倍」おいしい銘柄教えます
4,北朝鮮で緊張が高まると、なぜ「日本の円」が買われるのか？
4,【17日の天気】春の嵐！西日本は万全の雨対策を
4,フランスはこのまま「原発大国」であり続けるのか？
4,同時に実現すべき女性活躍と働き方改革
4,【動画】朝のウェザーニュース・お天気キャスター解説
4,パチスロ業界の巨大な闇、サブ基板不正問題が再燃
4,石井国交相、阿蘇大橋など2020年度完成へ
4,川崎の踏切死亡事故、救助で犠牲男性は銀行員
4,富山市議選、不正で辞職した元議員は落選
5,「日本海と東海の併記を」=韓国政府が国際会議で主張へ―中国メディア
5,中国、北朝鮮めぐる緊張の緩和にロシアの協力求める
5,水害対策トンネルを視察=皇太子さま、マレーシア首相とも会食
5,ロシアに協力求める=米朝の緊張緩和-中国外相
5,シンガポール航空とエチオピア航空、コードシェア拡大 シンガポール〜アディスアベバ線でも
5,C・ロナウド、ドイツ誌が報じた強姦容疑を完全否定！ 「作り話」として対抗措置を示唆
5,汚らしい独房は無理！収監中の朴前大統領が寝泊りしていた場所とは？=韓国ネット「死ぬまで大統領のつもり？」「自分の手で掃除させるべき」
5,日本はいかにして高齢化問題をチャンスに変えているか？―中国メディア
5,弾道ミサイル、続々登場=トランプ政権けん制-北朝鮮
5,キャサリン妃、ひそかにママサイトにアカウントを持っている？
5,ボコ・ハラムの少女集団拉致から3年、ナイジェリア各地で集会
5,「超強力爆弾」死者90人に=アフガン
5,文、安両氏が届け出=「2強対決」、安保焦点-大統領選告示・韓国
5,中国の3大「AIテクノロジー」企業、1400億円市場を狙う各社の戦略
5,CR7 性的暴行で口止め料
5,革命記念のプレート消える=代わりに国王忠誠説く-タイ
5,「ミサイル」「国民保護サイレン」がトレンド入り 北朝鮮「Xデー15日説」で不安広がる
5,朝鮮労働党「朝中関係の破局を準備せよ」重要講話で現実味
5,＜写真特集＞中国人アーティストがぬいるぐみを焼いて磁器作品に、独の画廊で個展開催
5,トランプ関税で注目されたメキシコのアボカド輸出、麻薬カルテルにも狙われていた
6,枕ではなく「たわし」で寝る新習慣
6,出来る女が手に入る♡「大人のウエストマーク術」で作る美シルエット
6,仙台弁の「いきなり」と、他地域の「いきなり」はニュアンスが違う
6,品よくおしゃれに♡周りと差のつく結婚式のお呼ばれワンピース10選
6,【ビザなしで旅行できる国の数ランキング】世界最強はドイツ！日本は何位？
6,小池百合子知事の人気を支える3つの力と勝負服
6,知らずに踏み込んでしまうと危険！覚えておきたい会社経費のグレーゾーン
6,「髪の状態」で女性の魅力は○割増になる？
6,ぶっとび~！「エラ張り」隠したつもりが悪目立ち...NGヘアメイク4つ
6,意外と当たってる？「家を買うと転勤になる」という都市伝説
6,疲れていても上司から誘われたら8割以上が飲みに行く20代会社員の本音は？
6,春の装いに彩りを加えるファッションアイテム10選
6,ムーン・リーの12星座占い【今週の星のメッセージ／4月17日-23日】
6,第5回「海外で通用するマナーを知る」の心得
6,焼鮭の皮やマグロのカマを食べ過ぎてはいけない理由
6,外墓の現状 朽ちかけた小さな無縁墓が無数に点在状態も
6,ああ、会社に行きたくない...お坊さんに月曜が憂鬱にならない方法を聞いてみた！
6,プラプラ揺れて可愛く光る！ハート形の自転車ライト『Bike Balls』
6,大人かわいいポケモンの旅行グッズ トランクベルトやアイマスクなど8アイテムが登場
6,4月17日の運勢第1位は牡牛座！ 今日の12星座占い
7,ASRockがRyzenマザーのイベントでMini-ITXの発売を示唆
7,今週の人気記事|デザイン賞を受賞したiPhoneケース「Palmo」や、Appleからリリースされた動画アプリなど
7,GoogleのペアレンタルコントロールFamily LinkをiPhoneからも使えるようになった
7,IBMが特許を取得、自動運転車向け「第3の頭脳」とは？
7,食のヘルシー度をユーザー間で楽しく競い合う画像共有サービス「KaleKam」
7,NASAが宇宙の彼方から不可解なほどに強力な謎のX線放射を検出
7,脳のリラックス、集中をサポートするウエアラブルデバイス『ELFエミット』の気になる効果
7,人工知能に挑戦だ！ 美術1の僕がAutoDrawでプリキュアを描く
7,【怖】iPhoneのパスワードが「傾き」で盗まれる可能性！対策方法はあるのか？
7,【北朝鮮情勢】過去の運用実績は？ 弾道ミサイル情報などを発信する『J-ALERT』とは
7,フランク ミュラー25周年を記念したiPhoneケースが登場！豊かな時空間を演出する曲線が美しい♡
7,世界各国からの接続スピードを測定できるサービス「Load Speed Test」
7,就寝中のかゆみを客観的に分析！Apple Watch向けアプリが公開
7,最高の音質を追求したフラッグシップウォークマン『NW-WM1Z』に30万円のバリューはあるのか？
7,独裁懸念も...あすトルコ“大統領制”問う国民投票
7,【ビデオ】オフロード走行も可能で、最高速度320km/hを誇るイタルデザイン「パルクール」の走行映像
7,Googleアプリでお好みファッション探し。検索結果に「スタイルのアイデア」を追加、毎日のコーディネイトを画像で提案
7,ついにアップルの自動運転車が公道へ！カリフォルニアで認可取得、まず3台のレクサスで走行開始
7,JCBカード一部加盟店でトラブル 決済できず
7,一部のJCBカードが使えない状態に ネットワーク障害のため
8,【キャラメル派？抹茶派？】ローソンから2種の「マチカフェフローズン」発売
8,ビール女子が集う！ 日本最大級のビアガーデン「ヒビヤガーデン」開催
8,アメリカの春を告げる。イースターのチョコレートエッグがアーティスティックに進化中
8,【ドライブコース探訪】瀬戸内で極上のカキフライ定食に出会う
8,“元グーグルのトップマーケター”が自由が丘にカフェをオープン！「アルファベータコーヒークラブ」
8,「目隠し」で熟成肉を味わう新感覚レストラン 話題の「GINZA SIX」にオープン
8,かき氷、フルーツビネガーが作れるツインバードのお洒落な調理家電
8,米スタバの「ピンク・ドリンク」飲んでみた
8,【KALDI】簡単・楽チンでおいしい本格タイカレー【クッキング】
8,リゾート・ワールド・セントーサ内の「LITTLE HOKKAIDO」にサッポロライオン 4月17日オープン
8,住みたい街ランキングの常連、恵比寿のお店に詳しくなってモテる【まとめ】
8,東京都・八王子でワインと美食がコラボした参加型イベント『第6回サンヴァンサン八王子』開催！
8,重ねて重ねて断面萌え♡いちごと抹茶のスクエアケーキ
8,重ねて焼くだけ！ 餃子の皮で作る簡単ラザニアのレシピ
8,リッチな味わい♪「アボカドソース」が決め手の絶品おかず
8,“1日800本売れる”バゲットに究極の海苔弁、リゾットコロッケ...ギンザ シックス地下2階グルメパトロール！【お弁当&テイクアウトランチ】
8,寝坊した朝でも作れちゃう！簡単で美味しいトーストのレシピ3選
8,「ラーメン食べ放題」専門店で満足するまで食べてきた トッピングもりもり、スープもおかわり自由！
8,【ハンドメイドピアス】天然石✖️スワロフスキー
8,【パン好き注目】ベーカリーの焼き立てパン食べ放題！ 東京・中目黒「タバーン」のビュッフェランチが素晴らしい!!
1,“家族から逃げ出してもいい”「映画クレヨンしんちゃん 襲来!! 宇宙人シリリ」監督インタビュー【 第8回 昔の子ども、今の子ども。】
1,指原莉乃“今1番可愛いと思う人”とは 柏木由紀&峯岸みなみと絶賛「ビジュアルでは勝てない」
1,菅田将暉は“イケメンの無駄遣い”？「自分からコメントのしようがない」
1,“不倫役”波瑠、実際の恋愛も要注意？「役の影響とかあって...」
1,『エアリアルレジェンズ』事前登録者10万人突破！ キャラクターの必殺技「アーツ」の紹介動画を公開！
1,『アイドルマスター SideM』「S.E.M」ユニットビジュアル公開
1,『マジシャンズ』、シーズン3への更新が決定
1,相葉雅紀に出川が“ミスターネプリーグ”かけ宣戦布告
1,椎名林檎 トータス松本にデュエットオファー、急遽配信限定リリースへ
1,死亡したのは新婚の夫！ニュース速報を伝えた女子アナの信じられない悲劇
1,店舗オープンのPRなのに...梨花の過剰胸アピールに「胸のある人御用達？」
1,渡瀬恒彦が回想シーン出演「警視庁捜査一課9係」番組ファンから寂寥の声
1,沢尻エリカの“悲劇のヒロイン”役に「白々しいにもほどがある」の声
1,波瑠、朝ドラオーディション連敗の過去 転機はショートカット
1,有村架純ヒロイン「ひよっこ」第2週平均視聴率は19・2%
1,テレ朝・大木優紀アナ『くりぃむナントカ』特番で育休から復帰
1,抱腹絶倒のコミカル演技！菅田将暉&野村周平の原作再現度MAXな新写真が公開
1,月のコスメでメイクアップ！セーラームーン×マキアージュの限定コラボアイテム
1,【連載02】相葉雅紀、たこ焼き器購入のきっかけは関ジャニ∞・横山との“たこパ”
1,身も心も心機一転！映画で旅する4月 映画で女子力向上委員会
2,楽天・岸 ほろ苦本拠地デビュー戦「いいところ見せたかった」
2,阪神・原口 コイ粉砕V撃！14年9月以来甲子園広島戦勝ち越しや~
2,浦和 興梠“キング弾”で単独首位！倒れ込み左足一閃「うまくずらせた」
2,青木 2戦連続V打 0―5から逆転勝利でア軍4連勝
2,阪神・藤浪 インフル感染 20日中日戦回避へ
2,田沢 ほろ苦移籍初勝利「1球に泣くというのが多い」
2,大宮383分ぶり得点も...終了間際失点で今季初勝利スルリ
2,西武・浅村 タイムリー4本5打点「今年こそ優勝したい」
2,ハーフナー蘭通算50得点！4戦連発「ノッてる男にはこぼれてくる」
2,熊本、勇気届けた2発！復興支援マッチ勝利 巻“幻ゴール”も喜び
2,巨人 育成篠原と支配下契約 即1軍昇格、中継ぎ整備へ
2,ハム 今季2度目3連敗 32イニング連続適時打なし
2,工藤監督 相性いい鹿児島「やりたかったのが正直なところ」
2,DeNAクライン 球団初助っ投勝利&V打「高校生以来」
2,八重樫カフェ&バー開店「広告塔になれれば」防衛戦必勝誓う
2,巨人・亀井 また打った 今季代打で7の5、打率.714
2,RENA冷や冷や5連勝「勝ててホッとしている」
2,広島・九里 138球力尽く 緒方監督「結果は監督の責任」
2,巨人・阿部 セ最多タイ3度目V打 打点独走19「待っていた」
2,西武ドラ3源田 12球団新人一番乗り猛打賞 守備の人から2番定着
3,クウェート日本大使館が侵入してきたハリネズミの身柄確保 「取り調べ」という名のほっこりタイムを過ごしたもよう
3,『FF14』ミコッテを海外コスプレイヤーが完全再現！―この地球上にも存在したのか...
3,【楽しいペット防災のススメ】その1 まずは迷子対策
3,動画：ネコと遊び、遊んでもらえるWebカメラ「Petcube Camera」インプレ。スマホ連携、はなちゃん遊ぼ！
3,「本当にこれがほしいの？」2歳の少女が選んだ人形を見て店員さんが質問すると...少女の受け答えが素晴らしいと話題に
3,動物病院の怖さを知っている猫、仲間の猫をなんとか救い出そうと必死ファイナル(トルコ)
3,赤ちゃんカバが夢を見ている姿にズキューン♡ なんですか！ そのペロペロは!! けしからん~っ
3,一緒にぬくぬくしている子猫とヒヨコ。お互いを大好きなのが伝わってくる、最高なほっこり動画♡
3,「アッ...デチャウ...」 身体が大きな外国人のかわいらしい言動
3,お寺の住職さんの朝ご飯が猫ましまし モフモフすぎるぜいたくな朝食の光景に癒される
3,ぴょこんと登場♡ 子猫が壁を飛び越えようとして、「いないないばあ」3連発をきめる...(* ́『`*)！
3,「ナゲットを無料にして！」1800万RTを目指す男性が話題に
3,3歳児の真剣な言い間違いが斜め上(笑)
3,犯行の証拠を突きつけられ、問い詰められた犬たちの反応が面白い映像集
3,飼い主なら知っておきたい「ペットフード安全法」後編
3,猫とルンバの「仁義なき戦い」 夢のコラボが実現する日はいつ！？
3,猫好きじゃなくても行ってみたい話題の猫スポット
3,「お隣のジャーマン・シェパードがいつもジャンプして覗いてくる......」と思ったジェニファーさん、ぴったりサイズの覗き穴を作成
3,パパの熱い愛情表現をうける、子コーギー → この後「おっぴろげ~♡」でされるがままに...(* ́Д`)
3,猫模様いろいろ。20日間家を留守にした飼い主が帰宅した瞬間、この猫はこんな行動をとった。
4,自民が過半数維持=政活費返還の3人落選-富山市議選
4,テロ等準備罪法案遅れで会期延長も 東京都議選との兼ね合いは...
4,自民が過半数維持=政活費不正で激戦-富山市議選
4,学校が保護者に説明会 千葉9歳女児殺害
4,自宅で母親“殺害”43歳男を逮捕 兵庫・西宮市
4,神奈川・湯河原の死亡ひき逃げ フリーライター逮捕
4,皇太子さま、マレーシア国王主催の晩さん会にご出席
4,スーパーで親子を切りつけた容疑、43歳の女逮捕
4,浅草で帰宅女性に“強盗傷害” 抵抗され男逃走
4,皇太子さまマレーシアご訪問「活力あふれ興味深い」
4,「おでん研究家」を逮捕=女性ひき逃げ死亡-神奈川県警
4,レクサスの欧州販売、1万8200万台と過去最高 第1四半期
4,栃木雪崩で県検証委が初会合、6月までに中間報告
4,湯河原の死亡ひき逃げ容疑、フリーライターの男逮捕
4,16日の地震情報まとめ 有感地震は4回
4,Blizzardのサーバーで大規模な障害発生【UPDATE】
4,夏の全面開館を前に富山県美術館では無料で入れる施設が一部オープン
4,母殺害容疑で43歳男逮捕=酔って口論、暴行-兵庫県警
4,自宅に母親？遺体放置=遺棄容疑で59歳男逮捕-北海道警
4,VWグループ世界販売2.5%増、3か月ぶりに増加 3月
5,「けんかはやめよう、勝てば刑務所行き、負ければ病院行き」=警察のスタンプが人気―中国
5,シリア危機、女性と子供に傷痕=稼ぎ手殺され、精神的打撃も
5,米副大統領、18日に来日=麻生氏と初の経済対話
5,米副大統領、18日に来日=麻生氏と初の経済対話
5,ごみ山が崩落、19人死亡 近隣住宅など145棟に被害 スリランカ
5,4候補の混戦に=第1回投票まで1週間-仏大統領選
5,中国版「メルカリ」で生後7カ月の乳児を販売?  当局の“デマ認定”が逆に怪しすぎる！
5,テレビカメラマンが命がけで撮影した映像は、クルド人を助ける力にならず
5,米新型空母「ジェラルド・R・フォード」、海上公試終え帰還
5,北朝鮮外務省次官「米国が選択するなら戦争をする」、抗戦の意思明らかに=韓国ネット「常識が通じない者同士、力が強い方が勝つ」
5,北朝鮮で軍事パレード、金日成主席の生誕記念日に軍事力誇示
5,北朝鮮 金主席生誕105周年 「北極星」初公開
5,手足8本で生まれた赤ちゃん、4本の切断手術に成功 インド
5,北朝鮮とアメリカが戦争突入か？危機を伝えぬ”大手マスコミの罪”
5,宍道湖に水上飛行機墜落=2人救出、けがなし-松江
5,島根・松江市の宍道湖に水上飛行機が墜落 2人救助
5,北朝鮮ナンバー2、「核攻撃には核攻撃で反撃」
5,韓国大統領選の立候補予定者「トランプ大統領は同窓生、勝手に攻撃させない」―中国メディア
5,北朝鮮に「最大限の圧力と関与」 米国、警戒強める
5,「すべての爆弾の母」大規模爆風爆弾MOAB、その威力と開発企業
6,【12星座占い】2位はみずがめ座...4月17日の運勢ランキング！
6,大丈夫？落ち込む男性に送りたい“思いやりLINE”5選
6,40歳を過ぎたら受けた方がいい乳がん&子宮がん検診
6,お客さんが集まるSNS活用術「自社のSNSはSEO対策になる！」
6,超高齢化社会の中で注目される〝おひとりさま活動〟とは
6,世界を席巻する〝アメリカ流〟ITビジネスに立ち向かう日本人起業家
6,大好きだけど告白できない...。そんな女子は「匂わせセリフ」で彼を誘導
6,何も言わずにつきあって。友達の失恋、その時あなたはどうする？
6,なめらかな極上シーツに包まれる幸せ 武雄温泉「御宿 竹林亭」 CREA 2017年5月号
6,ミューズにはアンジェリーナ・ジョリー 「ゲラン」5年ぶりの新作フレグランス CREA 2017年5月号
6,高卒の僕。社会を見返したい
6,捨てるより...使わない「オールインワンコスメ」の活用法2つ
6,意中のカレの「一人暮らしの部屋」にお邪魔するための口実9パターン
6,オンライン英会話スクールってどうなの？ 実際に利用してみた
6,フォロワー11万人超え！ 世紀末さんが描くちょっと不器用な女子たちに共感
6,ヤザワ、インテリアに馴染むウッドタイプの差し込みフリータップを発売
6,【FGO】祝『Fate/Apocrypha』アニメ化！ 赤のセイバー「モードレッド」の取り扱い説明書
6,先生〜！あっ...新入社員女子のかわいい「しくじり」3連発
6,手柄は俺のもの、失敗はお前のもの...過半数がダメ上司に苦労
6,コクヨ社員に「文具の見つけ方、使い方」「仕事が楽しくなる文具の本5冊」を聞いた！
7,Facebookが偽アカウント対策を強化 行動パターンで識別
7,北朝鮮問題で注目の「Jアラート」とは何なのか 警報が鳴ったらどうすればいいのかを確認
7,大人を満足させる独ペリンガー製iPad専用レザーケース
7,あの頃これが欲しかった！ダブルCPUと高解像度グラフィックでパソコン少年の心を鷲づかみにした富士通『FM-8』『FM-7』
7,Apple Watchはいずれ必携に？Appleが秘密裏に開発を進めている新機能とは
7,配置は自由自在！究極のPCゲーム用キーボード「Freestyle Edge」
7,サムスンが携帯電話の世界市場で1位返り咲きも、中国ではベスト5圏外―中国メディア
7,アプリに頼らずiPhoneで綺麗に画像を撮る方法は？
7,大人気のiPhoneケースに新色登場！
7,週間人気記事TOP5(4/8〜4/14)【最強ハイラックス・iPhoneでテレビ・極太タイヤマシン・缶詰ゲーム機...】
7,パパが娘のために開発した写真デコアプリ『プリ』の完成度が想像以上！
7,【FGO】アプリが重い！、落ちまくるときの対処法を解説。
7,新しい音楽の才能に出会えるかも!? 無料音楽配信アプリ「alphanote(アルファノート)」って知ってる？
7,ATMから現金を窃取するマルウェア「ATMitch」の手口を公開！
7,新gTLD登場から3年、まずまずの成功も申請数は減少傾向
7,「あの時計」誕生の背景には、ケースの進化があった
7,TangoにDaydream、同時に最強級スペックのスマホ、ASUS「ZenFone AR」をチェック
7,九州下部地殻の変形推定=熊本地震、阿蘇山に影響か-国際チーム
7,骨や筋肉のオーダーメイドも可能？ ヒューマノイドロボットで人間の組織を成長させる研究
7,Facebookは‘偽いいね！’をばらまくスパマーたちと6か月戦ってやっと勝利を宣言、数字は発表せず
8,ワンコインで肉×チーズを堪能！ロッテリア「肉がっつり絶品チーズバーガー」、肉の日に向けて
8,【きょうの気分はどっち？】さばのカレーソテークレソンサラダ添えVSあじのマリネソテー
8,【キャラ弁】強いぞ！男の子のテンション爆上がりなスパイダーマン弁当
8,具材を足して食べごたえアップ！ 具入りカルボナーラ5選
8,ほのかな塩気とふんわり漂う燻製の香り...ベーコンがおいしいサラダ5選
8,変わり種は紅鮭&チーズ。パンとスプレッドの運命の出会い
8,TV紹介の人気和菓子が「水信玄餅にソックリ」 意識したのか、店を直撃
8,本谷有希子さんの「人に教えたくない店」
8,白ワイン冷やし忘れた...！常温のドリンクを瞬時に冷やせる「ターボクーラー」
8,これであなたも“パクチニスト”に！ 空前絶後の大ブームを巻き起こすパクチーの魅力とは？
8,キャンプ大好き料理家が本気で考えた『絶対おいしいキャンプごはん』レシピ
8,【人気チョコに新作】明治「チョコレート効果72%粗くだきカカオ豆」新発売
8,今だけ！農家直送・新鮮な完熟いちごを使った『フルーツパーラーICHIMAN』限定スイーツ
8,歓迎会にもぴったり☆ヘルシー米油のさくさく天ぷら&とろ〆鯖寿司が絶品！ 海鮮居酒屋「米福」
8,じゅわ旨〜♪「キャベツ×缶詰」のレンチン副菜3選
8,おいしいもの合体！チャーハンDOG
8,ヘルシーで栄養満点！麦のサラダ5選
8,4月29日は「羊肉の日」！ラム肉をぞんぶんに堪能できるグルメイベント開催
8,彼と見つけよう！「常夏の島グアムで出会える」謎のアノ物体...3つ
8,甘いのに辛い？一度は食べたいカレー味なスイーツ
1,渡瀬恒彦が回想シーン出演「警視庁捜査一課9係」番組ファンから寂寥の声
1,沢尻エリカの“悲劇のヒロイン”役に「白々しいにもほどがある」の声
1,波瑠、朝ドラオーディション連敗の過去 転機はショートカット
1,有村架純ヒロイン「ひよっこ」第2週平均視聴率は19・2%
1,テレ朝・大木優紀アナ『くりぃむナントカ』特番で育休から復帰
1,抱腹絶倒のコミカル演技！菅田将暉&野村周平の原作再現度MAXな新写真が公開
1,月のコスメでメイクアップ！セーラームーン×マキアージュの限定コラボアイテム
1,【連載02】相葉雅紀、たこ焼き器購入のきっかけは関ジャニ∞・横山との“たこパ”
1,身も心も心機一転！映画で旅する4月 映画で女子力向上委員会
1,映画「バイオハザード：ヴェンデッタ」 敵キャラクター3人の場面写真公開
1,"EGO-WRAPPIN’ 夏の恒例ワンマン「Dance, Dance,  Dance」今年の開催日程発表！"
1,【連載01】相葉雅紀、Hey! Say! JUMP・伊野尾は「律儀でいいやつ」
1,土屋太鳳“同級生”とクセになるダンス披露
1,杉本彩・道端アンジェリカ・泉里香・ゆんころ“美のカリスマ”のプライベートがズレてる？MC陣が絶句
1,大友花恋の“かれまゆめい”3ショットに絶賛
1,【チェンクロ】義勇軍のカインは本来、死亡する筈のキャラ扱いだった展開を引き止めた【チェインクロニクル3：インタビュー#5】
1,【あんスタ】「復活祭☆イースターナイト」は「Switch」&「Valkyrie」がメイン！限定カードをチェック！
1,春の「プリヒップ」美女アナグランプリ！(3)テレ朝・竹内由恵はサッカー応援番組で...
1,渡辺謙「女性スキャンダル」文春砲でテレビ業界に大余震！(3)高橋克典がショックを受けている？
1,お笑い芸人が木村拓哉、さんまとの記念撮影を投稿した裏の意味とは？
2,広島・九里 138球力尽く 緒方監督「結果は監督の責任」
2,巨人・阿部 セ最多タイ3度目V打 打点独走19「待っていた」
2,西武ドラ3源田 12球団新人一番乗り猛打賞 守備の人から2番定着
2,羽生“真央の象徴”トリプルアクセルで今季締める
2,香川、サポーターに感謝「恐怖心ある中で後押ししてくれた」
2,新潟、リーグ戦初白星&J1通算150勝 ルーキー原がプロ初ゴール
2,西山 熊本出身相棒と結束V“完全アウェー”PO制し逆転
2,ロッテ唐川 1000投球回飾れず 最短2回2／3、5失点KO
2,バレ 最上段2打席連発も空砲「打ち損じが減ってきた」
2,酒井高「北部ダービー」逆転負け “特別な一戦”で悔しい敗戦
2,石井、不振脱却の勝利 ミルコジムで修行し再起
2,中田 屋外フリー打撃再開「一通り問題なく」 大谷は治療専念
2,オリ 先発ローテ再編へ 金子と西を違うカードに起用
2,中日・吉見 粘投もまた無援 森監督「なかなか1点が...」
2,リオ銅の山部は3回戦敗退 右手人さし指負傷
2,鹿島、4発祝砲で2位浮上！小笠原&曽ヶ端が500戦出場 20年目の金字塔
2,ハリル監督6・13イラク戦会場変更要求「グラウンド状態悪い」
2,稀勢、春巡業全休へ 新横綱の春場所で左上腕部負傷
2,巨人 今季初完封リレー マシソン休ませカミネロ5S目
2,桃子 痛恨の池ポチャ...地元V逃し「申し訳ないです」
3,SHOW TIME244 話題のプチプラグッズをお試し！その1
3,「猫の特等席」を車の窓に設置してみたら...こんなにリラックスした(動画)
3,『ねこのための音楽』に反応するのはどんな猫か、猫カフェで実験してみた
3,逆再生で蘇っていく、小さなマグネットの固まりが気持ちいい映像
3,愛犬はあなたを飼い主と認めているか！？簡単にチェックする5つの方法
3,【お見事】アナグマが自分の倍以上デカい牛を地面に埋める貴重映像が撮影される
3,広いお外が大好き！ やってきたお庭に大喜びな子犬の『エネルギー』がすごかった...(^m^)♡
3,XSのベッドを何とか使おうとする義理堅いワンコがカワイイ！
3,【今日のわんこ】遊ぶより寝たい理由って...? 太郎くんは、お友達よりお昼寝が好き!?
3,愛されネコは目が命！ 最高につぶらな瞳のネコちゃんに心うばわれる
3,【おやつ分けてワン！】弟ハスキーにおねだりされた兄ハスキー！このあと取った行動が...(* ́Д`)♡
3,ロシアの写真家が撮り続ける”大きな犬と子供たちの仲睦まじい姿”の写真が素敵！
3,寒さに耐えた...8秒間の桜物語 今村涼子の「今天」
3,中東の日本大使館に侵入者―Twitterとインスタグラムで緊迫の実況
3,日本の誇るユーチューブキャットがギネス記録
3,2017年4月12日のヘッドラインニュース
3,彼女の背中越しに見る美しき世界 インスタグラマー「Murad Osmann」とは？
3,貫禄がありすぎる 大きな岩をソファにしてくつろぐフサフサの熊さん
3,海外で『ペルソナ5』「戦闘メニューコラージュ」が流行の兆し
3,ぜんぜん豆苗が生えてこないなぁ... →衝撃の事実が！
4,【上海モーターショー2017】メルセデス Sクラス 改良新型、初公開予定...最新のADASフル装備
4,栃木・さくら市長選、元栃木県議の花塚隆志氏が初当選
4,栃木・真岡市長選、石坂氏が無投票で初当選
4,栃木・足利市長選 和泉氏、無投票で再選
4,インドが本気を出して来た！！「夏到来」【インド】
4,近畿各地で夏日観測 大阪は枚方で最高気温26度
4,相模原遺体、有印公文書偽造容疑などで3人目の再逮捕
4,阿蘇大橋、20年度開通=熊本地震で崩落-国交省
4,皇太子さま、日本語弁論大会に出席 マレーシア
4,皇太子さま、マレーシアの国立博物館を訪問
4,現代だったら炎上か称賛か...？PTA活動にモノ申していた「1人の母親」の声
4,救出試みた男性は銀行員=2人死亡の踏切事故-川崎
4,政活費不正で論戦=未明に大勢判明-富山市議選
4,【北ミサイル】たとえ迎撃に成功したとしても... 核弾頭が積まれていなくても... 日本に甚大な被害が発生するワケ
4,ナインアワーズ、「ナインアワーズ北新宿」をオープン 都内初進出
4,阿蘇大橋、20年度開通=熊本地震で崩落-国交省
4,皇居・吹上御苑で高齢者対象の自然観察会
4,病歴も預金もダダ漏れ!? 怖すぎるマイナンバー
4,メルセデス・ベンツ、上海モーターショーで同社の最大と最小のセダンを初公開すると予告
4,東急ホテルズ、「京都東急ホテル」のプレミアムフロアを全面リニューアル
5,「すべての爆弾の母」大規模爆風爆弾MOAB、その威力と開発企業
5,【北朝鮮情勢】岸田文雄外相 韓国滞在邦人の安全確保「いつでも、いかなる事態にも対応」
5,「スラムダンク」の聖地も見上げりゃ電線・・・日本の空から電線がなくならない理由=中国メディア
5,北朝鮮、軍事パレード開催=正恩氏出席、新型ICBM公開か
5,ミサイル以上に怖い、北朝鮮特殊部隊の存在
5,北朝鮮と米国 「非軍事」の一線を越すな
5,台湾にまた断交危機か、パナマ大使が帰国、後任なし―中国メディア
5,準備をすれば成功する！ 「日本の防災教育」の貴重な精神を称賛=中国
5,【大阪発】哺乳瓶バカ売れ！ 中国人「ママ友」がSNSで拡散、殺到
5,日本人の韓国旅行がソウルにばかり集中するのはなぜ？=韓国ネットがその理由を分析
5,北朝鮮・ミサイル発射可能性で注目の「Jアラート」、もし鳴ったらどうすれば？
5,なんてことだ！ 中国高速鉄道は「日本製品」によって支えられていた！ =中国報道
5,比ドゥテルテ大統領が南シナ海上陸断念、中国に島を売る可能性も？―米華字メディア
5,アストンマーティン、英国空軍のレッドアローズをテーマにした特別な「ヴァンキッシュ S」を発表！
5,米国人はなぜ中国をますます好きになっているのか？―米華字メディア
5,韓国が「大気汚染源は中国」と主張、衛星発射で証明へ―韓国メディア
5,世界滅亡の前兆か!? 夜空を刺すように“上向き”に走る紫色の稲妻「巨大ジェット」出現！=オーストラリア
5,海自護衛艦「かが」就役に中国が「軍国主義復活の野心」
5,人種差別？米国の住宅地に「中国人よ、あんたの犬を庭に入れるな」と書かれた看板出現―米華字メディア
5,トランプの“頭脳”バノン氏解任 当選の功労者はなぜ外されたのか
6,偏差値35から合格した現役東大生が実践した、「ゲーム式暗記術」とは？
6,ユニクロや楽天に続き資生堂も... 英語公用化の流れで、あらためて感じる日本語の価値
6,「住みたい街」の正体をあばく！『首都圏「街」格差』【連載】第2話「安定の人気の理由は“改名”にあった!? 自由が丘」
6,トランプを支えたのは白人貧困層!? 波乱のアメリカ大統領選を生み出した、ヒルビリー(田舎者)の実態
6,主婦に聞いてみました「働きたい？」「不安はある？」
6,インスタやブログで静かなブーム。ユルく続けられる「ぬりえ貯金」ってなに？
6,N700系新幹線を参考に「名古屋JRゲートタワーホテル」開業 設備、利便性、眺望...実力は？(写真32枚)
6,絶品の「うなぎの蒲焼き」は、なぜ美味いのか？知られざる職人技の全容を公開
6,4月17日をどう過ごす？ #数字で読み解く365日
6,薄く畳めるバケツはレジャーに良し、収納に良し【今日のライフハックツール】
6,美智子さまをも驚かせた、アッキーの「鈍感力」
6,証券会社がやたら宣伝している「ファンドラップ」は本当にトクなのか
6,意外と広い、東京の「森の面積」〜千葉、埼玉よりも緑が多かった！
6,今日のあなたの運勢は？ 4月17日の12星座占い
6,今週のあなたの運勢は？ 4月17日~4月23日の運勢、12星座占い
6,「1分の遅刻」はいくらの損失なのか?!
6,フランスの柔道指導者と交流して考えた「部活の在り方」
6,厳しくなった高齢者運転講習の体験記
6,中国を『ベジータ扱い』する事が東アジア平和のカギ。
6,IoT時代のプライバシー、どうやって保護するべき？
7,ソニーが215gの軽量ボディーに光学式手ブレ補正機能を搭載したハンディカム 『HDR-CX470』を発売
7,【画像あり】見よ！これがiPhone8か？衝撃的すぎる画像が中国SNSで流出！
7,プログラミング教育をAppleがサポート。関大初等部の事例
7,KDDIがビデオ会議、VoIP内線通話、メッセージングなどビジネスコミュニケーションを統合したクラウドサービス「Cisco Spark」を提供
7,欲しい音を出すため――極小ヘッドアンプ「MV50」音色設定に見る秘密
7,炭火で焼いたようにふっくら仕上がるアラジンの調理器『グラファイトグリラー』
7,ビジネス特化型オープンソース・ブロックチェーン「Hyperledger Fabric1.0」
7,【プレイレポ】話題の『Ultimate Epic Battle Simulator』を試してみた―亀10000匹vsスパルタ300人！勝つのはどちら？
7,Alphabet傘下Verilyのスマートウォッチは大量の生命徴候データを長期にわたって集め医学研究に奉仕する
7,誤差がわずか数cmに！日本のGPSが格段に向上するかも
7,ソニー、LGが撤退、なぜ「3Dテレビ」は浸透しなかったのか
7,さらなる高みを目指したMrspeakersの平面駆動型ヘッドホン『ETHER Flow』『ETHER C Flow』のお手並み拝見
7,ニューロープから、ファッションスナップを言語化するAPI 「#CBK scnnr(カブキスキャナー)」提供開始
7,新色追加で選べる7色。コンパクトで音楽シェアもできるヘッドホン『PLATTAN2』
7,やっぱり戦車に踏まれても平気。堅牢腕時計『I.N.O.X.』にミディアムサイズ登場
7,クリエイターじゃない人もどうぞ。「Windows 10 Creators Update」の大事なとこだけまとめ
7,【参加無料】親子で参加できるロボット・プログラミング教室、DIGIMONO！とKOOVのコラボで実現！
7,縦置きデザインが便利そう。茶筒サイズのプロジェクター『KERUO L7』
7,AKG初のLightning接続イヤホン。iPhone 7で使いたい『N20LT』発売
7,元ソニーマン、Uber Japan社長 髙橋正巳氏が選ぶ“こだわりのデジモノ”は？
8,元モー娘。メンバーは健康志向？お取り寄せしたヘルシー食材拝見
8,たまごかけご飯ファン必訪の直売所！江別市「太田ファーム」
8,赤でも、白でも。グラス一杯のワインが脳を元気にすることが判明(米研究)
8,ピンクのオシャレゆで卵 デビルドエッグ
8,“サクしっとり”がおいしい 「メゾンカイザー」人気エクレア
8,春からのお弁当やおつまみに♪いろいろな味を楽しむ煮卵レシピ
8,肉・海鮮・スイーツも全部“バベル盛り”！「バベルの塔」コラボの大ボリューム&フォトジェニックなフェア開催
8,北海道に行くなら！イクラかけ放題？！溢れる寸前のイクラ丼『つっこ飯』を食べるべし！！
8,「日清ラ王 上海焼そば 5 食パック」発売 業界初のノンフライ麺焼そば
8,【斬新すぎ！】レストランのくせに自前でレンジでチンする料理が提供される「ビストロレンチン」が福岡にオープン！
8,オシャレ&キュートで気分も上がる！簡単春レシピ4選【柏原歩のトレンドレシピ】
8,【タイ】セブンイレブンの、入手困難なレトルトカレーが大人気に
8,なぜ、まだ肌寒いのにビアガーデンが続々と前倒し営業しているのか？
8,【一人暮らしに重宝】冷蔵庫に何もない&お金もない日に！「具なしパスタ」7選
8,アイスのナイアガラ?! ブラジルの可愛いアイスクリーム♪
8,人気急上昇！春のお祭り「#イースター」を楽しむ食卓
8,899kcalの怪物も！スタバにコメダ...「カフェスイーツのカロリー」一覧
8,ギンザ シックスのグルメレポ！地下2階は日本・都内初上陸のフード&スイーツが勢ぞろい【手土産やホームパーティーの新定番】
8,【5分で簡単おつまみレシピ】人参とカシューナッツの炒め物
8,物産展大好き主婦の聖地、浅草『まるごとにっぽん』に初出展した6つの自治体とは？
